Div,Date,Time,HomeTeam,AwayTeam,FTHG,FTAG,FTR,HTHG,HTAG,HS,AS,HST,AST,HF,AF,HC,AC,HY,AY,HR,AR,AvgH,AvgD,AvgA,MaxH,MaxD,MaxA,kickoff,match_id,home_win,draw,away_win,total_goals,over_2_5,total_corners,total_cards,total_shots,total_fouls
E0,2024-08-16,20:00,Man United,Fulham,1,0,H,0,0,14,10,5,2,12,10,7,8,2,3,0,0,1.62,4.36,5.15,1.68,4.5,5.5,2024-08-16 20:00:00,20240816_manunited_fulham,1,0,0,1,0,15,5,24,22
E0,2024-08-17,12:30,Ipswich,Liverpool,0,2,A,0,0,7,18,2,5,9,18,2,10,3,1,0,0,8.28,5.76,1.34,9.0,6.1,1.37,2024-08-17 12:30:00,20240817_ipswich_liverpool,0,0,1,2,0,12,4,25,27
E0,2024-08-17,15:00,Arsenal,Wolves,2,0,H,1,0,18,9,6,3,17,14,8,2,2,2,0,0,1.18,7.86,15.87,1.2,9.1,18.0,2024-08-17 15:00:00,20240817_arsenal_wolves,1,0,0,2,0,10,4,27,31
E0,2024-08-17,15:00,Everton,Brighton,0,3,A,0,1,9,10,1,5,8,8,1,5,1,1,1,0,2.67,3.41,2.68,2.76,3.66,2.78,2024-08-17 15:00:00,20240817_everton_brighton,0,0,1,3,1,6,3,19,16
E0,2024-08-17,15:00,Newcastle,Southampton,1,0,H,1,0,3,19,1,4,15,16,3,12,2,4,1,0,1.35,5.62,8.1,1.37,5.9,8.6,2024-08-17 15:00:00,20240817_newcastle_southampton,1,0,0,1,0,15,7,22,31
E0,2024-08-17,15:00,Nott'm Forest,Bournemouth,1,1,D,1,0,14,13,8,4,17,8,2,6,1,3,0,0,2.45,3.49,2.89,2.51,3.7,3.0,2024-08-17 15:00:00,20240817_nott'mforest_bournemouth,0,1,0,2,0,8,4,27,25
E0,2024-08-17,17:30,West Ham,Aston Villa,1,2,A,1,1,14,15,3,3,18,11,5,3,1,2,0,0,2.44,3.69,2.79,2.49,3.91,2.87,2024-08-17 17:30:00,20240817_westham_astonvilla,0,0,1,3,1,8,3,29,29
E0,2024-08-18,14:00,Brentford,Crystal Palace,2,1,H,1,0,9,14,5,6,6,15,4,7,1,5,0,0,2.46,3.44,2.9,2.52,3.66,2.99,2024-08-18 14:00:00,20240818_brentford_crystalpalace,1,0,0,3,1,11,6,23,21
E0,2024-08-18,16:30,Chelsea,Man City,0,2,A,0,1,10,11,3,5,12,9,4,3,1,1,0,0,4.05,4.0,1.83,4.3,4.22,1.88,2024-08-18 16:30:00,20240818_chelsea_mancity,0,0,1,2,0,7,2,21,21
E0,2024-08-19,20:00,Leicester,Tottenham,1,1,D,0,1,7,15,3,7,11,12,2,13,1,1,0,0,5.01,4.37,1.63,5.3,4.52,1.67,2024-08-19 20:00:00,20240819_leicester_tottenham,0,1,0,2,0,15,2,22,23
E0,2024-08-24,12:30,Brighton,Man United,2,1,H,1,0,14,11,5,4,9,13,4,4,1,2,0,0,2.5,3.72,2.69,2.54,3.87,2.79,2024-08-24 12:30:00,20240824_brighton_manunited,1,0,0,3,1,8,3,25,22
E0,2024-08-24,15:00,Tottenham,Everton,4,0,H,2,0,13,10,7,1,11,15,12,5,0,0,0,0,1.44,4.95,6.75,1.49,5.1,7.3,2024-08-24 15:00:00,20240824_tottenham_everton,1,0,0,4,1,17,0,23,26
E0,2024-08-24,15:00,Southampton,Nott'm Forest,0,1,A,0,0,5,23,1,8,14,14,4,10,3,3,0,0,2.57,3.32,2.84,2.66,3.42,2.92,2024-08-24 15:00:00,20240824_southampton_nott'mforest,0,0,1,1,0,14,6,28,28
E0,2024-08-24,15:00,Crystal Palace,West Ham,0,2,A,0,0,14,18,2,3,9,17,3,3,1,1,0,0,2.17,3.63,3.25,2.21,3.76,3.36,2024-08-24 15:00:00,20240824_crystalpalace_westham,0,0,1,2,0,6,2,32,26
E0,2024-08-24,15:00,Fulham,Leicester,2,1,H,1,1,18,10,6,4,14,13,7,5,2,2,0,0,1.83,3.73,4.38,1.9,3.89,4.7,2024-08-24 15:00:00,20240824_fulham_leicester,1,0,0,3,1,12,4,28,27
E0,2024-08-24,15:00,Man City,Ipswich,4,1,H,3,1,14,1,5,1,4,15,10,1,2,3,0,0,1.09,12.17,26.97,1.1,14.0,34.0,2024-08-24 15:00:00,20240824_mancity_ipswich,1,0,0,5,1,11,5,15,19
E0,2024-08-24,17:30,Aston Villa,Arsenal,0,2,A,0,0,11,9,3,4,8,15,4,1,1,3,0,0,4.41,3.92,1.78,4.7,4.1,1.84,2024-08-24 17:30:00,20240824_astonvilla_arsenal,0,0,1,2,0,5,4,20,23
E0,2024-08-25,14:00,Bournemouth,Newcastle,1,1,D,1,0,16,14,4,5,19,8,8,9,2,2,0,0,2.99,3.8,2.25,3.06,3.95,2.32,2024-08-25 14:00:00,20240825_bournemouth_newcastle,0,1,0,2,0,17,4,30,27
E0,2024-08-25,14:00,Wolves,Chelsea,2,6,A,2,2,12,14,4,8,13,13,5,5,2,3,0,0,4.37,4.0,1.77,4.6,4.17,1.82,2024-08-25 14:00:00,20240825_wolves_chelsea,0,0,1,8,1,10,5,26,26
E0,2024-08-25,16:30,Liverpool,Brentford,2,0,H,1,0,19,8,8,2,10,7,9,4,2,3,0,0,1.25,6.78,10.37,1.28,7.5,11.5,2024-08-25 16:30:00,20240825_liverpool_brentford,1,0,0,2,0,13,5,27,17
E0,2024-08-31,12:30,Arsenal,Brighton,1,1,D,1,0,11,22,7,4,12,7,3,7,3,2,1,0,1.35,5.66,8.11,1.37,6.0,9.0,2024-08-31 12:30:00,20240831_arsenal_brighton,0,1,0,2,0,10,6,33,19
E0,2024-08-31,15:00,Nott'm Forest,Wolves,1,1,D,1,1,16,11,5,3,15,18,7,3,3,4,0,0,2.03,3.66,3.65,2.1,3.76,3.79,2024-08-31 15:00:00,20240831_nott'mforest_wolves,0,1,0,2,0,10,7,27,33
E0,2024-08-31,15:00,Leicester,Aston Villa,1,2,A,0,1,9,10,3,5,13,21,1,4,4,5,0,0,4.62,4.02,1.74,4.9,4.2,1.78,2024-08-31 15:00:00,20240831_leicester_astonvilla,0,0,1,3,1,5,9,19,34
E0,2024-08-31,15:00,Brentford,Southampton,3,1,H,1,0,20,18,7,6,10,7,2,8,2,1,0,0,1.77,3.97,4.46,1.82,4.12,4.7,2024-08-31 15:00:00,20240831_brentford_southampton,1,0,0,4,1,10,3,38,17
E0,2024-08-31,15:00,Everton,Bournemouth,2,3,A,0,0,18,17,8,7,6,1,8,4,2,1,0,0,2.78,3.4,2.59,2.85,3.5,2.64,2024-08-31 15:00:00,20240831_everton_bournemouth,0,0,1,5,1,12,3,35,7
E0,2024-08-31,15:00,Ipswich,Fulham,1,1,D,1,1,11,9,4,4,15,15,8,6,2,3,0,0,3.1,3.5,2.31,3.2,3.66,2.38,2024-08-31 15:00:00,20240831_ipswich_fulham,0,1,0,2,0,14,5,20,30
E0,2024-08-31,17:30,West Ham,Man City,1,3,A,1,2,10,23,2,8,10,3,3,11,3,2,0,0,7.57,5.49,1.38,8.0,5.8,1.41,2024-08-31 17:30:00,20240831_westham_mancity,0,0,1,4,1,14,5,33,13
E0,2024-09-01,13:30,Chelsea,Crystal Palace,1,1,D,1,0,13,9,7,3,9,13,4,5,4,2,0,0,1.63,4.4,5.01,1.68,4.55,5.2,2024-09-01 13:30:00,20240901_chelsea_crystalpalace,0,1,0,2,0,9,6,22,22
E0,2024-09-01,13:30,Newcastle,Tottenham,2,1,H,1,0,9,20,3,6,16,13,7,12,4,4,0,0,2.51,3.97,2.56,2.56,4.12,2.63,2024-09-01 13:30:00,20240901_newcastle_tottenham,1,0,0,3,1,19,8,29,29
E0,2024-09-01,16:00,Man United,Liverpool,0,3,A,0,2,8,11,3,3,7,7,5,2,4,1,0,0,3.82,4.2,1.85,4.0,4.4,1.9,2024-09-01 16:00:00,20240901_manunited_liverpool,0,0,1,3,1,7,5,19,14
E0,2024-09-14,12:30,Southampton,Man United,0,3,A,0,2,6,20,4,10,11,14,0,7,1,4,1,0,4.56,4.04,1.74,4.83,4.2,1.79,2024-09-14 12:30:00,20240914_southampton_manunited,0,0,1,3,1,7,6,26,25
E0,2024-09-14,15:00,Man City,Brentford,2,1,H,2,1,18,8,7,5,9,3,12,3,3,1,0,0,1.17,8.2,14.79,1.21,9.2,17.0,2024-09-14 15:00:00,20240914_mancity_brentford,1,0,0,3,1,15,4,26,12
E0,2024-09-14,15:00,Liverpool,Nott'm Forest,0,1,A,0,0,14,5,5,3,15,6,7,2,4,4,0,0,1.22,7.03,12.4,1.25,7.7,13.0,2024-09-14 15:00:00,20240914_liverpool_nott'mforest,0,0,1,1,0,9,8,19,21
E0,2024-09-14,15:00,Fulham,West Ham,1,1,D,1,0,21,11,5,3,15,18,3,2,2,3,0,0,2.42,3.48,2.92,2.5,3.6,3.03,2024-09-14 15:00:00,20240914_fulham_westham,0,1,0,2,0,5,5,32,33
E0,2024-09-14,15:00,Brighton,Ipswich,0,0,D,0,0,21,6,6,1,14,16,9,2,4,3,0,0,1.38,5.16,7.89,1.41,5.4,8.5,2024-09-14 15:00:00,20240914_brighton_ipswich,0,1,0,0,0,11,7,27,30
E0,2024-09-14,15:00,Crystal Palace,Leicester,2,2,D,0,1,20,9,4,4,11,15,5,2,0,3,0,0,1.63,4.14,5.38,1.66,4.3,5.6,2024-09-14 15:00:00,20240914_crystalpalace_leicester,0,1,0,4,1,7,3,29,26
E0,2024-09-14,17:30,Aston Villa,Everton,3,2,H,1,2,17,6,8,2,10,12,6,2,1,4,0,0,1.51,4.48,6.34,1.55,4.65,6.7,2024-09-14 17:30:00,20240914_astonvilla_everton,1,0,0,5,1,8,5,23,22
E0,2024-09-14,20:00,Bournemouth,Chelsea,0,1,A,0,0,19,10,7,3,16,9,6,3,6,8,0,0,3.33,3.96,2.05,3.45,4.12,2.09,2024-09-14 20:00:00,20240914_bournemouth_chelsea,0,0,1,1,0,9,14,29,25
E0,2024-09-15,14:00,Tottenham,Arsenal,0,1,A,0,0,15,7,5,4,13,10,7,6,5,3,0,0,2.99,3.59,2.33,3.13,3.75,2.4,2024-09-15 14:00:00,20240915_tottenham_arsenal,0,0,1,1,0,13,8,22,23
E0,2024-09-15,16:30,Wolves,Newcastle,1,2,A,1,0,12,14,5,6,17,6,4,7,3,3,0,0,3.36,3.69,2.11,3.48,3.8,2.18,2024-09-15 16:30:00,20240915_wolves_newcastle,0,0,1,3,1,11,6,26,23
E0,2024-09-21,12:30,West Ham,Chelsea,0,3,A,0,2,15,12,7,5,17,9,6,5,5,2,0,0,3.49,3.89,2.01,3.71,4.0,2.05,2024-09-21 12:30:00,20240921_westham_chelsea,0,0,1,3,1,11,7,27,26
E0,2024-09-21,15:00,Southampton,Ipswich,1,1,D,1,0,11,13,3,6,16,16,2,10,4,4,0,0,2.25,3.52,3.17,2.3,3.7,3.27,2024-09-21 15:00:00,20240921_southampton_ipswich,0,1,0,2,0,12,8,24,32
E0,2024-09-21,15:00,Liverpool,Bournemouth,3,0,H,3,0,19,19,13,6,10,12,3,9,1,4,0,0,1.29,6.31,9.35,1.31,6.7,10.0,2024-09-21 15:00:00,20240921_liverpool_bournemouth,1,0,0,3,1,12,5,38,22
E0,2024-09-21,15:00,Tottenham,Brentford,3,1,H,2,1,23,6,10,6,11,9,9,4,3,1,0,0,1.55,4.72,5.41,1.58,5.0,5.6,2024-09-21 15:00:00,20240921_tottenham_brentford,1,0,0,4,1,13,4,29,20
E0,2024-09-21,15:00,Fulham,Newcastle,3,1,H,2,0,22,15,11,4,16,8,6,0,6,0,0,0,2.86,3.51,2.45,3.0,3.61,2.52,2024-09-21 15:00:00,20240921_fulham_newcastle,1,0,0,4,1,6,6,37,24
E0,2024-09-21,15:00,Aston Villa,Wolves,3,1,H,0,1,9,10,4,4,11,16,6,5,3,6,0,0,1.59,4.39,5.35,1.62,4.6,5.6,2024-09-21 15:00:00,20240921_astonvilla_wolves,1,0,0,4,1,11,9,19,27
E0,2024-09-21,15:00,Leicester,Everton,1,1,D,0,1,12,16,2,5,11,12,6,1,1,2,0,0,2.52,3.44,2.82,2.58,3.6,2.92,2024-09-21 15:00:00,20240921_leicester_everton,0,1,0,2,0,7,3,28,23
E0,2024-09-21,17:30,Crystal Palace,Man United,0,0,D,0,0,9,15,4,6,7,12,4,11,3,1,0,0,2.85,3.72,2.36,2.96,3.88,2.42,2024-09-21 17:30:00,20240921_crystalpalace_manunited,0,1,0,0,0,15,4,24,19
E0,2024-09-22,14:00,Brighton,Nott'm Forest,2,2,D,2,1,14,4,3,3,12,11,9,1,3,4,0,1,1.86,3.83,4.21,2.44,3.99,4.75,2024-09-22 14:00:00,20240922_brighton_nott'mforest,0,1,0,4,1,10,8,18,23
E0,2024-09-22,16:30,Man City,Arsenal,2,2,D,1,2,33,5,11,3,7,10,8,2,3,4,0,1,1.83,3.62,4.52,1.87,3.75,4.75,2024-09-22 16:30:00,20240922_mancity_arsenal,0,1,0,4,1,10,8,38,17
E0,2024-09-28,12:30,Newcastle,Man City,1,1,D,0,1,11,16,4,6,14,10,5,6,4,4,0,0,5.09,4.47,1.61,5.3,4.7,1.63,2024-09-28 12:30:00,20240928_newcastle_mancity,0,1,0,2,0,11,8,27,24
E0,2024-09-28,15:00,Everton,Crystal Palace,2,1,H,0,1,8,17,2,5,13,11,5,8,2,1,0,0,2.73,3.39,2.63,2.8,3.59,2.71,2024-09-28 15:00:00,20240928_everton_crystalpalace,1,0,0,3,1,13,3,25,24
E0,2024-09-28,15:00,Chelsea,Brighton,4,2,H,4,2,15,15,7,5,11,8,8,2,3,2,0,0,1.74,4.23,4.35,1.77,4.35,4.5,2024-09-28 15:00:00,20240928_chelsea_brighton,1,0,0,6,1,10,5,30,19
E0,2024-09-28,15:00,Nott'm Forest,Fulham,0,1,A,0,0,11,14,1,2,11,15,6,5,2,4,0,0,2.4,3.34,3.07,2.51,3.52,3.23,2024-09-28 15:00:00,20240928_nott'mforest_fulham,0,0,1,1,0,11,6,25,26
E0,2024-09-28,15:00,Arsenal,Leicester,4,2,H,2,0,36,5,16,3,11,6,17,0,2,4,0,0,1.18,7.82,15.12,1.21,8.8,18.0,2024-09-28 15:00:00,20240928_arsenal_leicester,1,0,0,6,1,17,6,41,17
E0,2024-09-28,15:00,Brentford,West Ham,1,1,D,1,0,8,19,3,3,2,11,7,7,2,3,0,0,2.23,3.62,3.16,2.27,3.82,3.26,2024-09-28 15:00:00,20240928_brentford_westham,0,1,0,2,0,14,5,27,13
E0,2024-09-28,17:30,Wolves,Liverpool,1,2,A,0,1,8,10,3,6,16,8,2,10,2,3,0,0,8.05,5.55,1.35,8.5,5.9,1.38,2024-09-28 17:30:00,20240928_wolves_liverpool,0,0,1,3,1,12,5,18,24
E0,2024-09-29,14:00,Ipswich,Aston Villa,2,2,D,1,2,15,7,5,3,10,14,10,0,4,1,0,0,4.15,3.77,1.87,4.4,4.0,1.91,2024-09-29 14:00:00,20240929_ipswich_astonvilla,0,1,0,4,1,10,5,22,24
E0,2024-09-29,16:30,Man United,Tottenham,0,3,A,0,1,11,24,2,10,16,14,5,3,5,3,1,0,2.36,3.89,2.77,2.42,4.13,2.8,2024-09-29 16:30:00,20240929_manunited_tottenham,0,0,1,3,1,8,9,35,30
E0,2024-09-30,20:00,Bournemouth,Southampton,3,1,H,3,0,14,9,6,3,19,12,7,4,2,5,0,0,1.65,4.29,4.91,1.68,4.53,5.25,2024-09-30 20:00:00,20240930_bournemouth_southampton,1,0,0,4,1,11,7,23,31
E0,2024-10-05,12:30,Crystal Palace,Liverpool,0,1,A,0,1,9,16,5,4,7,15,3,8,4,2,0,0,6.36,4.65,1.49,6.67,4.9,1.52,2024-10-05 12:30:00,20241005_crystalpalace_liverpool,0,0,1,1,0,11,6,25,22
E0,2024-10-05,15:00,West Ham,Ipswich,4,1,H,2,1,23,9,13,2,12,6,5,5,0,1,0,0,1.8,3.96,4.25,1.86,4.1,4.45,2024-10-05 15:00:00,20241005_westham_ipswich,1,0,0,5,1,10,1,32,18
E0,2024-10-05,15:00,Arsenal,Southampton,3,1,H,0,0,29,8,6,2,10,9,13,1,0,3,0,0,1.14,9.2,18.63,1.16,10.0,21.0,2024-10-05 15:00:00,20241005_arsenal_southampton,1,0,0,4,1,14,3,37,19
E0,2024-10-05,15:00,Brentford,Wolves,5,3,H,4,2,19,17,12,6,9,10,10,3,2,3,0,0,2.09,3.64,3.47,2.14,3.75,3.7,2024-10-05 15:00:00,20241005_brentford_wolves,1,0,0,8,1,13,5,36,19
E0,2024-10-05,15:00,Leicester,Bournemouth,1,0,H,1,0,6,17,2,2,12,14,0,9,4,1,0,0,3.24,3.66,2.17,3.4,3.81,2.22,2024-10-05 15:00:00,20241005_leicester_bournemouth,1,0,0,1,0,9,5,23,26
E0,2024-10-05,15:00,Man City,Fulham,3,2,H,1,1,20,11,7,4,4,10,8,3,2,1,0,0,1.24,6.85,11.11,1.27,7.6,12.0,2024-10-05 15:00:00,20241005_mancity_fulham,1,0,0,5,1,11,3,31,14
E0,2024-10-05,17:30,Everton,Newcastle,0,0,D,0,0,8,14,2,3,12,8,0,10,1,2,0,0,3.15,3.62,2.23,3.25,3.77,2.29,2024-10-05 17:30:00,20241005_everton_newcastle,0,1,0,0,0,10,3,22,20
E0,2024-10-06,14:00,Chelsea,Nott'm Forest,1,1,D,0,0,22,16,8,9,12,11,11,3,6,2,0,1,1.48,4.73,6.32,1.52,4.95,7.0,2024-10-06 14:00:00,20241006_chelsea_nott'mforest,0,1,0,2,0,14,9,38,23
E0,2024-10-06,14:00,Aston Villa,Man United,0,0,D,0,0,11,10,1,4,12,11,6,3,1,5,0,0,2.21,3.82,3.06,2.25,3.99,3.2,2024-10-06 14:00:00,20241006_astonvilla_manunited,0,1,0,0,0,9,6,21,23
E0,2024-10-06,16:30,Brighton,Tottenham,3,2,H,0,2,11,13,4,3,14,10,4,7,2,2,0,0,2.9,4.01,2.23,2.99,4.18,2.28,2024-10-06 16:30:00,20241006_brighton_tottenham,1,0,0,5,1,11,4,24,24
E0,2024-10-19,12:30,Tottenham,West Ham,4,1,H,1,1,22,11,7,4,10,15,13,5,1,3,0,1,1.5,4.91,5.73,1.54,5.1,6.0,2024-10-19 12:30:00,20241019_tottenham_westham,1,0,0,5,1,18,5,33,25
E0,2024-10-19,15:00,Fulham,Aston Villa,1,3,A,1,1,10,14,4,5,8,11,6,11,3,3,1,1,2.44,3.5,2.89,2.5,3.71,2.98,2024-10-19 15:00:00,20241019_fulham_astonvilla,0,0,1,4,1,17,8,24,19
E0,2024-10-19,15:00,Ipswich,Everton,0,2,A,0,2,13,11,2,8,12,10,5,8,1,1,0,0,2.4,3.42,3.01,2.42,3.5,3.11,2024-10-19 15:00:00,20241019_ipswich_everton,0,0,1,2,0,13,2,24,22
E0,2024-10-19,15:00,Man United,Brentford,2,1,H,0,1,23,8,11,2,14,5,9,2,2,2,0,0,1.71,4.28,4.48,1.75,4.5,4.75,2024-10-19 15:00:00,20241019_manunited_brentford,1,0,0,3,1,11,4,31,19
E0,2024-10-19,15:00,Newcastle,Brighton,0,1,A,0,1,21,10,6,5,11,9,9,4,2,2,0,0,2.01,3.88,3.51,2.05,4.08,3.66,2024-10-19 15:00:00,20241019_newcastle_brighton,0,0,1,1,0,13,4,31,20
E0,2024-10-19,15:00,Southampton,Leicester,2,3,A,2,0,14,18,7,4,10,10,10,6,5,3,1,0,2.33,3.54,3.03,2.38,3.63,3.14,2024-10-19 15:00:00,20241019_southampton_leicester,0,0,1,5,1,16,9,32,20
E0,2024-10-19,17:30,Bournemouth,Arsenal,2,0,H,0,0,13,6,4,1,12,11,7,4,1,1,0,1,4.94,4.09,1.68,5.1,4.23,1.71,2024-10-19 17:30:00,20241019_bournemouth_arsenal,1,0,0,2,0,11,3,19,23
E0,2024-10-20,14:00,Wolves,Man City,1,2,A,1,1,3,22,2,7,8,5,1,18,4,1,0,0,8.88,5.85,1.31,9.8,6.0,1.34,2024-10-20 14:00:00,20241020_wolves_mancity,0,0,1,3,1,19,5,25,13
E0,2024-10-20,16:30,Liverpool,Chelsea,2,1,H,1,0,9,12,5,2,12,13,1,6,4,3,0,0,1.63,4.39,4.89,1.67,4.69,5.1,2024-10-20 16:30:00,20241020_liverpool_chelsea,1,0,0,3,1,7,7,21,25
E0,2024-10-21,20:00,Nott'm Forest,Crystal Palace,1,0,H,0,0,20,20,6,7,9,12,6,6,2,3,0,0,2.36,3.31,3.11,2.41,3.5,3.21,2024-10-21 20:00:00,20241021_nott'mforest_crystalpalace,1,0,0,1,0,12,5,40,21
E0,2024-10-25,20:00,Leicester,Nott'm Forest,1,3,A,1,1,11,20,1,5,16,9,6,7,5,2,0,0,3.09,3.32,2.41,3.2,3.45,2.45,2024-10-25 20:00:00,20241025_leicester_nott'mforest,0,0,1,4,1,13,7,31,25
E0,2024-10-26,15:00,Aston Villa,Bournemouth,1,1,D,0,0,18,11,8,3,12,14,9,7,7,6,0,0,1.86,3.97,3.97,1.9,4.1,4.1,2024-10-26 15:00:00,20241026_astonvilla_bournemouth,0,1,0,2,0,16,13,29,26
E0,2024-10-26,15:00,Brentford,Ipswich,4,3,H,2,2,20,11,9,5,7,10,5,5,0,1,0,1,1.67,4.27,4.86,1.71,4.4,5.1,2024-10-26 15:00:00,20241026_brentford_ipswich,1,0,0,7,1,10,2,31,17
E0,2024-10-26,15:00,Brighton,Wolves,2,2,D,1,0,19,14,6,7,12,10,9,6,3,3,0,0,1.64,4.32,4.94,1.68,4.5,5.1,2024-10-26 15:00:00,20241026_brighton_wolves,0,1,0,4,1,15,6,33,22
E0,2024-10-26,15:00,Man City,Southampton,1,0,H,1,0,22,5,8,2,9,9,12,1,1,3,0,0,1.11,10.94,21.04,1.13,13.0,26.0,2024-10-26 15:00:00,20241026_mancity_southampton,1,0,0,1,0,13,4,27,18
E0,2024-10-26,17:30,Everton,Fulham,1,1,D,0,0,10,14,5,3,8,8,4,2,1,0,0,0,2.76,3.37,2.6,2.83,3.45,2.66,2024-10-26 17:30:00,20241026_everton_fulham,0,1,0,2,0,6,1,24,16
E0,2024-10-27,14:00,Chelsea,Newcastle,2,1,H,1,1,17,11,7,3,13,16,7,4,6,3,0,0,1.76,4.26,4.15,1.82,4.43,4.3,2024-10-27 14:00:00,20241027_chelsea_newcastle,1,0,0,3,1,11,9,28,29
E0,2024-10-27,14:00,Crystal Palace,Tottenham,1,0,H,1,0,14,11,6,3,16,12,8,8,4,4,0,0,3.97,3.97,1.85,4.1,4.13,1.88,2024-10-27 14:00:00,20241027_crystalpalace_tottenham,1,0,0,1,0,16,8,25,28
E0,2024-10-27,14:00,West Ham,Man United,2,1,H,0,0,12,18,3,5,6,7,6,5,5,1,0,0,2.89,3.71,2.33,2.98,3.98,2.38,2024-10-27 14:00:00,20241027_westham_manunited,1,0,0,3,1,11,6,30,13
E0,2024-10-27,16:30,Arsenal,Liverpool,2,2,D,2,1,9,9,3,4,14,14,1,3,2,2,0,0,2.49,3.37,2.89,2.54,3.59,2.96,2024-10-27 16:30:00,20241027_arsenal_liverpool,0,1,0,4,1,4,4,18,28
E0,2024-11-02,12:30,Newcastle,Arsenal,1,0,H,1,0,9,10,4,1,16,18,4,6,4,4,0,0,3.77,3.69,1.98,3.88,3.8,2.03,2024-11-02 12:30:00,20241102_newcastle_arsenal,1,0,0,1,0,10,8,19,34
E0,2024-11-02,15:00,Southampton,Everton,1,0,H,0,0,9,16,2,5,14,18,3,6,4,2,0,0,2.65,3.48,2.66,2.7,3.63,2.75,2024-11-02 15:00:00,20241102_southampton_everton,1,0,0,1,0,9,6,25,32
E0,2024-11-02,15:00,Liverpool,Brighton,2,1,H,0,1,16,13,8,5,10,18,10,7,1,1,0,0,1.39,5.4,7.12,1.43,5.8,7.5,2024-11-02 15:00:00,20241102_liverpool_brighton,1,0,0,3,1,17,2,29,28
E0,2024-11-02,15:00,Nott'm Forest,West Ham,3,0,H,1,0,19,4,6,2,7,9,11,6,1,2,0,1,2.15,3.52,3.43,2.2,3.69,3.58,2024-11-02 15:00:00,20241102_nott'mforest_westham,1,0,0,3,1,17,4,23,16
E0,2024-11-02,15:00,Ipswich,Leicester,1,1,D,0,0,14,20,2,6,11,10,4,6,4,2,1,0,2.27,3.61,3.09,2.3,3.77,3.18,2024-11-02 15:00:00,20241102_ipswich_leicester,0,1,0,2,0,10,7,34,21
E0,2024-11-02,15:00,Bournemouth,Man City,2,1,H,1,0,12,18,6,4,11,6,3,10,2,1,0,0,5.32,4.44,1.59,5.5,4.6,1.62,2024-11-02 15:00:00,20241102_bournemouth_mancity,1,0,0,3,1,13,3,30,17
E0,2024-11-02,17:30,Wolves,Crystal Palace,2,2,D,0,0,11,19,6,7,7,9,3,6,1,2,0,0,2.53,3.4,2.85,2.61,3.59,2.92,2024-11-02 17:30:00,20241102_wolves_crystalpalace,0,1,0,4,1,9,3,30,16
E0,2024-11-03,14:00,Tottenham,Aston Villa,4,1,H,0,1,16,12,6,1,14,14,6,4,2,0,0,0,1.93,4.07,3.55,1.98,4.28,3.71,2024-11-03 14:00:00,20241103_tottenham_astonvilla,1,0,0,5,1,10,2,28,28
E0,2024-11-03,16:30,Man United,Chelsea,1,1,D,0,0,11,12,4,3,19,14,4,8,6,2,0,0,2.58,3.78,2.56,2.63,4.06,2.61,2024-11-03 16:30:00,20241103_manunited_chelsea,0,1,0,2,0,12,8,23,33
E0,2024-11-04,20:00,Fulham,Brentford,2,1,H,0,1,26,5,12,2,3,10,11,3,2,1,0,0,2.03,3.73,3.52,2.08,3.9,3.61,2024-11-04 20:00:00,20241104_fulham_brentford,1,0,0,3,1,14,3,31,13
E0,2024-11-09,15:00,Brentford,Bournemouth,3,2,H,1,1,12,15,6,3,8,16,6,4,2,4,0,0,2.53,3.59,2.72,2.61,3.7,2.8,2024-11-09 15:00:00,20241109_brentford_bournemouth,1,0,0,5,1,10,6,27,24
E0,2024-11-09,15:00,Crystal Palace,Fulham,0,2,A,0,1,13,17,5,7,10,11,1,8,1,1,1,0,2.7,3.48,2.61,2.82,3.73,2.7,2024-11-09 15:00:00,20241109_crystalpalace_fulham,0,0,1,2,0,9,3,30,21
E0,2024-11-09,15:00,West Ham,Everton,0,0,D,0,0,11,18,6,4,10,9,7,6,1,2,0,0,2.18,3.47,3.38,2.23,3.71,3.5,2024-11-09 15:00:00,20241109_westham_everton,0,1,0,0,0,13,3,29,19
E0,2024-11-09,15:00,Wolves,Southampton,2,0,H,1,0,8,9,4,0,14,12,1,9,1,4,0,0,1.96,3.84,3.67,2.01,4.13,3.8,2024-11-09 15:00:00,20241109_wolves_southampton,1,0,0,2,0,10,5,17,26
E0,2024-11-09,17:30,Brighton,Man City,2,1,H,0,1,10,15,4,6,12,10,0,4,3,3,0,0,4.34,4.17,1.75,4.6,4.33,1.8,2024-11-09 17:30:00,20241109_brighton_mancity,1,0,0,3,1,4,6,25,22
E0,2024-11-09,20:00,Liverpool,Aston Villa,2,0,H,1,0,14,12,5,2,11,15,2,9,0,3,0,0,1.42,5.26,6.7,1.45,5.5,7.4,2024-11-09 20:00:00,20241109_liverpool_astonvilla,1,0,0,2,0,11,3,26,26
E0,2024-11-10,14:00,Man United,Leicester,3,0,H,2,0,13,6,3,5,9,5,1,5,0,1,0,0,1.39,5.35,7.46,1.43,5.6,8.0,2024-11-10 14:00:00,20241110_manunited_leicester,1,0,0,3,1,6,1,19,14
E0,2024-11-10,14:00,Nott'm Forest,Newcastle,1,3,A,1,0,9,17,3,6,13,6,4,5,1,1,0,0,2.69,3.31,2.72,2.75,3.57,2.82,2024-11-10 14:00:00,20241110_nott'mforest_newcastle,0,0,1,4,1,9,2,26,19
E0,2024-11-10,14:00,Tottenham,Ipswich,1,2,A,0,2,17,8,5,3,10,19,12,2,1,5,0,0,1.26,6.76,9.98,1.27,7.3,11.0,2024-11-10 14:00:00,20241110_tottenham_ipswich,0,0,1,3,1,14,6,25,29
E0,2024-11-10,16:30,Chelsea,Arsenal,1,1,D,0,0,17,13,3,3,12,12,4,3,4,2,0,0,2.75,3.49,2.53,2.8,3.72,2.59,2024-11-10 16:30:00,20241110_chelsea_arsenal,0,1,0,2,0,7,6,30,24
E0,2024-11-23,12:30,Leicester,Chelsea,1,2,A,0,1,4,16,1,7,15,12,2,9,4,3,0,0,6.75,4.81,1.46,7.44,5.03,1.5,2024-11-23 12:30:00,20241123_leicester_chelsea,0,0,1,3,1,11,7,20,27
E0,2024-11-23,15:00,Arsenal,Nott'm Forest,3,0,H,1,0,19,7,7,0,10,1,8,1,3,2,0,0,1.37,4.97,8.9,1.43,5.2,9.69,2024-11-23 15:00:00,20241123_arsenal_nott'mforest,1,0,0,3,1,9,5,26,11
E0,2024-11-23,15:00,Aston Villa,Crystal Palace,2,2,D,1,2,17,13,5,6,10,11,10,1,3,2,0,0,1.63,4.11,5.45,1.68,4.28,5.7,2024-11-23 15:00:00,20241123_astonvilla_crystalpalace,0,1,0,4,1,11,5,30,21
E0,2024-11-23,15:00,Bournemouth,Brighton,1,2,A,0,1,19,6,5,4,13,10,7,0,2,2,0,1,2.41,3.62,2.86,2.45,3.75,2.99,2024-11-23 15:00:00,20241123_bournemouth_brighton,0,0,1,3,1,7,5,25,23
E0,2024-11-23,15:00,Everton,Brentford,0,0,D,0,0,27,9,5,2,8,10,10,4,0,0,0,1,2.46,3.41,2.94,2.52,3.62,3.11,2024-11-23 15:00:00,20241123_everton_brentford,0,1,0,0,0,14,1,36,18
E0,2024-11-23,15:00,Fulham,Wolves,1,4,A,1,1,10,10,3,5,14,14,7,2,3,0,0,0,1.65,4.09,5.23,1.71,4.28,6.14,2024-11-23 15:00:00,20241123_fulham_wolves,0,0,1,5,1,9,3,20,28
E0,2024-11-23,17:30,Man City,Tottenham,0,4,A,0,2,23,9,5,7,19,9,9,3,4,2,0,0,1.49,5.01,5.92,1.52,5.29,6.36,2024-11-23 17:30:00,20241123_mancity_tottenham,0,0,1,4,1,12,6,32,28
E0,2024-11-24,14:00,Southampton,Liverpool,2,3,A,1,1,7,27,5,11,11,9,3,10,3,4,0,0,10.4,5.96,1.28,11.0,6.4,1.32,2024-11-24 14:00:00,20241124_southampton_liverpool,0,0,1,5,1,13,7,34,20
E0,2024-11-24,16:30,Ipswich,Man United,1,1,D,1,1,11,11,6,4,11,10,4,3,0,0,0,0,5.06,4.22,1.63,5.3,4.48,1.68,2024-11-24 16:30:00,20241124_ipswich_manunited,0,1,0,2,0,7,0,22,21
E0,2024-11-25,20:00,Newcastle,West Ham,0,2,A,0,1,18,15,2,6,11,8,8,3,1,0,0,0,1.5,4.57,6.21,1.54,4.79,6.6,2024-11-25 20:00:00,20241125_newcastle_westham,0,0,1,2,0,11,1,33,19
E0,2024-11-29,20:00,Brighton,Southampton,1,1,D,1,0,22,10,5,2,20,16,7,6,2,4,0,0,1.39,5.29,7.57,1.43,5.5,8.0,2024-11-29 20:00:00,20241129_brighton_southampton,0,1,0,2,0,13,6,32,36
E0,2024-11-30,15:00,Brentford,Leicester,4,1,H,3,1,13,7,6,3,9,10,5,4,1,1,0,0,1.66,4.24,4.87,1.68,4.4,5.1,2024-11-30 15:00:00,20241130_brentford_leicester,1,0,0,5,1,9,2,20,19
E0,2024-11-30,15:00,Crystal Palace,Newcastle,1,1,D,0,0,16,1,4,0,12,11,8,9,3,3,0,0,3.04,3.56,2.3,3.21,4.1,2.36,2024-11-30 15:00:00,20241130_crystalpalace_newcastle,0,1,0,2,0,17,6,17,23
E0,2024-11-30,15:00,Nott'm Forest,Ipswich,1,0,H,0,0,12,7,5,3,5,16,8,7,1,3,0,0,1.75,3.82,4.79,1.81,4.0,5.06,2024-11-30 15:00:00,20241130_nott'mforest_ipswich,1,0,0,1,0,15,4,19,21
E0,2024-11-30,15:00,Wolves,Bournemouth,2,4,A,1,3,10,12,3,8,13,11,3,4,4,1,0,0,2.81,3.61,2.44,2.93,3.81,2.5,2024-11-30 15:00:00,20241130_wolves_bournemouth,0,0,1,6,1,7,5,22,24
E0,2024-11-30,17:30,West Ham,Arsenal,2,5,A,2,5,12,16,5,7,10,13,2,10,4,1,0,0,7.09,4.68,1.46,7.5,4.9,1.49,2024-11-30 17:30:00,20241130_westham_arsenal,0,0,1,7,1,12,5,28,23
E0,2024-12-01,13:30,Chelsea,Aston Villa,3,0,H,2,0,17,10,8,4,21,6,3,4,2,2,0,0,1.71,4.21,4.51,1.75,4.35,4.7,2024-12-01 13:30:00,20241201_chelsea_astonvilla,1,0,0,3,1,7,4,27,27
E0,2024-12-01,13:30,Man United,Everton,4,0,H,2,0,11,8,5,2,12,12,2,2,2,3,0,0,1.54,4.33,6.08,1.56,4.5,6.5,2024-12-01 13:30:00,20241201_manunited_everton,1,0,0,4,1,4,5,19,24
E0,2024-12-01,13:30,Tottenham,Fulham,1,1,D,0,0,8,14,3,6,4,14,7,11,0,1,0,1,1.72,4.35,4.24,1.77,4.5,4.4,2024-12-01 13:30:00,20241201_tottenham_fulham,0,1,0,2,0,18,2,22,18
E0,2024-12-01,16:00,Liverpool,Man City,2,0,H,1,0,18,8,7,2,9,8,7,4,1,3,0,0,2.09,3.7,3.37,2.14,3.8,3.55,2024-12-01 16:00:00,20241201_liverpool_mancity,1,0,0,2,0,11,4,26,17
E0,2024-12-03,19:30,Ipswich,Crystal Palace,0,1,A,0,0,9,13,2,3,14,13,4,7,2,4,0,0,3.09,3.37,2.38,3.2,3.54,2.44,2024-12-03 19:30:00,20241203_ipswich_crystalpalace,0,0,1,1,0,11,6,22,27
E0,2024-12-03,20:15,Leicester,West Ham,3,1,H,1,0,8,31,6,10,9,7,3,9,2,2,0,0,2.9,3.44,2.47,2.95,3.67,2.57,2024-12-03 20:15:00,20241203_leicester_westham,1,0,0,4,1,12,4,39,16
E0,2024-12-04,19:30,Everton,Wolves,4,0,H,2,0,13,6,4,2,10,8,3,4,2,0,0,0,2.14,3.46,3.51,2.18,3.59,3.62,2024-12-04 19:30:00,20241204_everton_wolves,1,0,0,4,1,7,2,19,18
E0,2024-12-04,19:30,Man City,Nott'm Forest,3,0,H,2,0,17,12,7,3,7,15,8,2,2,4,0,0,1.37,5.21,8.25,1.41,5.5,9.0,2024-12-04 19:30:00,20241204_mancity_nott'mforest,1,0,0,3,1,10,6,29,22
E0,2024-12-04,19:30,Newcastle,Liverpool,3,3,D,1,0,17,16,6,5,9,17,5,6,2,5,0,0,4.27,4.04,1.78,4.5,4.22,1.81,2024-12-04 19:30:00,20241204_newcastle_liverpool,0,1,0,6,1,11,7,33,26
E0,2024-12-04,19:30,Southampton,Chelsea,1,5,A,1,3,6,26,4,13,7,14,5,7,1,0,1,0,8.39,5.64,1.34,9.0,6.0,1.37,2024-12-04 19:30:00,20241204_southampton_chelsea,0,0,1,6,1,12,2,32,21
E0,2024-12-04,20:15,Arsenal,Man United,2,0,H,0,0,14,5,6,2,12,8,13,0,1,3,0,0,1.46,4.73,6.92,1.49,5.0,7.2,2024-12-04 20:15:00,20241204_arsenal_manunited,1,0,0,2,0,13,4,19,20
E0,2024-12-04,20:15,Aston Villa,Brentford,3,1,H,3,0,20,9,10,1,11,15,10,5,2,2,0,0,1.8,4.01,4.24,1.84,4.21,4.53,2024-12-04 20:15:00,20241204_astonvilla_brentford,1,0,0,4,1,15,4,29,26
E0,2024-12-05,19:30,Fulham,Brighton,3,1,H,1,0,6,13,2,3,7,8,5,6,2,2,0,0,2.33,3.65,2.92,2.4,3.82,3.04,2024-12-05 19:30:00,20241205_fulham_brighton,1,0,0,4,1,11,4,19,15
E0,2024-12-05,20:15,Bournemouth,Tottenham,1,0,H,1,0,21,12,8,4,15,8,5,9,2,2,0,0,2.65,3.92,2.42,2.75,4.12,2.5,2024-12-05 20:15:00,20241205_bournemouth_tottenham,1,0,0,1,0,14,4,33,23
E0,2024-12-07,15:00,Crystal Palace,Man City,2,2,D,1,1,12,12,3,4,4,10,6,8,1,0,0,1,5.39,4.33,1.6,5.5,4.5,1.63,2024-12-07 15:00:00,20241207_crystalpalace_mancity,0,1,0,4,1,14,2,24,14
E0,2024-12-07,15:00,Brentford,Newcastle,4,2,H,2,2,11,16,8,3,10,7,3,4,3,0,0,0,2.86,3.74,2.36,2.94,3.85,2.41,2024-12-07 15:00:00,20241207_brentford_newcastle,1,0,0,6,1,7,3,27,17
E0,2024-12-07,15:00,Aston Villa,Southampton,1,0,H,1,0,18,4,5,0,18,15,14,1,1,3,0,0,1.37,5.41,7.78,1.39,5.6,8.1,2024-12-07 15:00:00,20241207_astonvilla_southampton,1,0,0,1,0,15,4,22,33
E0,2024-12-07,17:30,Man United,Nott'm Forest,2,3,A,1,1,17,11,7,3,10,13,5,3,0,2,0,0,1.67,4.05,5.12,1.7,4.2,5.4,2024-12-07 17:30:00,20241207_manunited_nott'mforest,0,0,1,5,1,8,2,28,23
E0,2024-12-08,14:00,Fulham,Arsenal,1,1,D,1,0,2,12,2,4,10,9,0,6,4,2,0,0,5.4,4.24,1.61,6.0,4.35,1.65,2024-12-08 14:00:00,20241208_fulham_arsenal,0,1,0,2,0,6,6,14,19
E0,2024-12-08,14:00,Ipswich,Bournemouth,1,2,A,1,0,18,22,5,6,9,13,6,13,2,1,0,0,3.57,3.73,2.02,3.71,3.8,2.06,2024-12-08 14:00:00,20241208_ipswich_bournemouth,0,0,1,3,1,19,3,40,22
E0,2024-12-08,14:00,Leicester,Brighton,2,2,D,0,1,10,16,3,7,9,10,5,5,1,2,0,0,4.48,4.02,1.75,4.69,4.2,1.8,2024-12-08 14:00:00,20241208_leicester_brighton,0,1,0,4,1,10,3,26,19
E0,2024-12-08,16:30,Tottenham,Chelsea,3,4,A,2,1,13,17,5,8,17,11,5,10,2,2,0,0,3.21,4.04,2.07,3.4,4.2,2.17,2024-12-08 16:30:00,20241208_tottenham_chelsea,0,0,1,7,1,15,4,30,28
E0,2024-12-09,20:00,West Ham,Wolves,2,1,H,0,0,19,19,4,5,12,17,11,0,5,4,0,0,1.91,3.85,3.81,1.96,3.95,4.0,2024-12-09 20:00:00,20241209_westham_wolves,1,0,0,3,1,11,9,38,29
E0,2024-12-14,15:00,Arsenal,Everton,0,0,D,0,0,13,2,5,0,6,9,8,2,0,3,0,0,1.23,6.33,13.36,1.26,6.63,15.0,2024-12-14 15:00:00,20241214_arsenal_everton,0,1,0,0,0,10,3,15,15
E0,2024-12-14,15:00,Liverpool,Fulham,2,2,D,0,1,16,12,4,3,10,7,5,4,3,4,1,0,1.32,5.75,8.89,1.34,6.04,10.0,2024-12-14 15:00:00,20241214_liverpool_fulham,0,1,0,4,1,9,8,28,17
E0,2024-12-14,15:00,Newcastle,Leicester,4,0,H,1,0,27,4,11,1,7,16,5,2,3,3,0,0,1.31,5.83,9.08,1.34,6.06,10.0,2024-12-14 15:00:00,20241214_newcastle_leicester,1,0,0,4,1,7,6,31,23
E0,2024-12-14,15:00,Wolves,Ipswich,1,2,A,0,1,16,10,6,5,13,9,7,3,0,2,1,0,1.9,3.83,3.85,1.93,3.96,4.0,2024-12-14 15:00:00,20241214_wolves_ipswich,0,0,1,3,1,10,3,26,22
E0,2024-12-14,17:30,Nott'm Forest,Aston Villa,2,1,H,0,0,17,8,6,2,12,6,4,3,0,1,0,0,2.64,3.39,2.68,2.68,3.59,2.78,2024-12-14 17:30:00,20241214_nott'mforest_astonvilla,1,0,0,3,1,7,1,25,18
E0,2024-12-15,14:00,Brighton,Crystal Palace,1,3,A,0,2,17,13,5,5,11,15,8,5,1,4,0,0,1.89,3.82,3.9,1.93,3.94,4.05,2024-12-15 14:00:00,20241215_brighton_crystalpalace,0,0,1,4,1,13,5,30,26
E0,2024-12-15,16:30,Man City,Man United,1,2,A,1,0,10,10,3,3,5,14,8,2,1,1,0,0,1.58,4.59,5.04,1.61,4.8,5.25,2024-12-15 16:30:00,20241215_mancity_manunited,0,0,1,3,1,10,2,20,19
E0,2024-12-15,19:00,Chelsea,Brentford,2,1,H,1,0,26,9,8,4,11,7,8,5,0,2,1,0,1.33,5.89,8.08,1.36,6.2,9.0,2024-12-15 19:00:00,20241215_chelsea_brentford,1,0,0,3,1,13,3,35,18
E0,2024-12-15,19:00,Southampton,Tottenham,0,5,A,0,5,9,18,3,9,8,15,2,5,1,3,0,0,4.29,4.47,1.69,4.47,4.68,1.73,2024-12-15 19:00:00,20241215_southampton_tottenham,0,0,1,5,1,7,4,27,23
E0,2024-12-16,20:00,Bournemouth,West Ham,1,1,D,0,0,29,16,9,3,6,11,12,6,0,2,0,0,1.71,4.19,4.43,1.75,4.4,4.75,2024-12-16 20:00:00,20241216_bournemouth_westham,0,1,0,2,0,18,2,45,17
E0,2024-12-21,12:30,Aston Villa,Man City,2,1,H,1,0,11,12,6,6,14,7,5,4,3,3,0,0,3.29,3.71,2.12,3.42,3.8,2.18,2024-12-21 12:30:00,20241221_astonvilla_mancity,1,0,0,3,1,9,6,23,21
E0,2024-12-21,15:00,Brentford,Nott'm Forest,0,2,A,0,1,7,10,3,6,9,14,9,5,3,4,0,0,2.35,3.52,2.99,2.4,3.67,3.1,2024-12-21 15:00:00,20241221_brentford_nott'mforest,0,0,1,2,0,14,7,17,23
E0,2024-12-21,15:00,Ipswich,Newcastle,0,4,A,0,3,10,15,2,7,9,7,2,1,2,0,0,0,4.61,3.95,1.74,4.75,4.06,1.77,2024-12-21 15:00:00,20241221_ipswich_newcastle,0,0,1,4,1,3,2,25,16
E0,2024-12-21,15:00,West Ham,Brighton,1,1,D,0,0,11,12,4,6,14,20,8,4,2,2,0,0,2.8,3.75,2.38,2.88,3.87,2.43,2024-12-21 15:00:00,20241221_westham_brighton,0,1,0,2,0,12,4,23,34
E0,2024-12-21,17:30,Crystal Palace,Arsenal,1,5,A,1,3,15,14,6,6,9,8,3,3,2,2,0,0,6.08,4.11,1.57,6.8,4.33,1.61,2024-12-21 17:30:00,20241221_crystalpalace_arsenal,0,0,1,6,1,6,4,29,17
E0,2024-12-22,14:00,Man United,Bournemouth,0,3,A,0,1,23,10,7,5,11,11,13,1,1,3,0,0,1.85,3.88,4.07,1.89,4.06,4.25,2024-12-22 14:00:00,20241222_manunited_bournemouth,0,0,1,3,1,14,4,33,22
E0,2024-12-22,14:00,Leicester,Wolves,0,3,A,0,3,9,8,5,4,15,16,6,1,2,0,0,0,2.55,3.56,2.69,2.63,3.71,2.75,2024-12-22 14:00:00,20241222_leicester_wolves,0,0,1,3,1,7,2,17,31
E0,2024-12-22,14:00,Everton,Chelsea,0,0,D,0,0,5,12,4,5,20,12,2,5,4,1,0,0,5.18,4.13,1.63,5.52,4.33,1.67,2024-12-22 14:00:00,20241222_everton_chelsea,0,1,0,0,0,7,5,17,32
E0,2024-12-22,14:00,Fulham,Southampton,0,0,D,0,0,16,5,5,1,8,15,6,5,1,3,0,0,1.42,4.96,7.21,1.45,5.1,7.6,2024-12-22 14:00:00,20241222_fulham_southampton,0,1,0,0,0,11,4,21,23
E0,2024-12-22,16:30,Tottenham,Liverpool,3,6,A,1,3,9,24,5,12,7,9,7,5,1,2,0,0,4.29,4.33,1.72,4.5,4.64,1.76,2024-12-22 16:30:00,20241222_tottenham_liverpool,0,0,1,9,1,12,3,33,16
E0,2024-12-26,12:30,Man City,Everton,1,1,D,1,1,24,8,5,3,5,10,8,5,1,4,0,0,1.34,5.46,8.59,1.37,5.73,9.4,2024-12-26 12:30:00,20241226_mancity_everton,0,1,0,2,0,13,5,32,15
E0,2024-12-26,15:00,Bournemouth,Crystal Palace,0,0,D,0,0,18,10,4,4,13,12,5,2,2,2,0,0,1.9,3.77,3.87,1.95,3.92,4.2,2024-12-26 15:00:00,20241226_bournemouth_crystalpalace,0,1,0,0,0,7,4,28,25
E0,2024-12-26,15:00,Chelsea,Fulham,1,2,A,1,0,12,14,8,7,13,13,3,1,1,3,0,0,1.47,4.88,6.15,1.52,5.1,6.75,2024-12-26 15:00:00,20241226_chelsea_fulham,0,0,1,3,1,4,4,26,26
E0,2024-12-26,15:00,Newcastle,Aston Villa,3,0,H,1,0,22,4,8,1,15,10,9,6,2,1,0,1,1.93,3.91,3.66,1.97,4.02,3.8,2024-12-26 15:00:00,20241226_newcastle_astonvilla,1,0,0,3,1,15,4,26,25
E0,2024-12-26,15:00,Nott'm Forest,Tottenham,1,0,H,1,0,10,13,3,4,12,13,2,7,3,2,0,1,2.35,3.74,2.82,2.42,3.85,2.9,2024-12-26 15:00:00,20241226_nott'mforest_tottenham,1,0,0,1,0,9,6,23,25
E0,2024-12-26,15:00,Southampton,West Ham,0,1,A,0,0,18,16,5,2,15,8,2,2,1,2,0,0,3.24,3.56,2.18,3.37,3.7,2.22,2024-12-26 15:00:00,20241226_southampton_westham,0,0,1,1,0,4,3,34,23
E0,2024-12-26,17:30,Wolves,Man United,2,0,H,0,0,7,11,4,4,12,12,4,4,2,2,0,1,3.8,3.7,1.94,3.99,3.8,2.0,2024-12-26 17:30:00,20241226_wolves_manunited,1,0,0,2,0,8,5,18,24
E0,2024-12-26,20:00,Liverpool,Leicester,3,1,H,1,1,19,4,7,1,17,5,14,1,3,2,0,0,1.08,12.4,25.35,1.1,13.84,34.0,2024-12-26 20:00:00,20241226_liverpool_leicester,1,0,0,4,1,15,5,23,22
E0,2024-12-27,19:30,Brighton,Brentford,0,0,D,0,0,24,8,7,3,6,12,5,3,0,2,0,0,1.64,4.44,4.89,1.66,4.64,5.1,2024-12-27 19:30:00,20241227_brighton_brentford,0,1,0,0,0,8,2,32,18
E0,2024-12-27,20:15,Arsenal,Ipswich,1,0,H,1,0,13,3,5,0,7,12,5,1,1,1,0,0,1.16,8.37,17.31,1.18,9.0,20.05,2024-12-27 20:15:00,20241227_arsenal_ipswich,1,0,0,1,0,6,2,16,19
E0,2024-12-29,14:30,Leicester,Man City,0,2,A,0,1,11,14,4,5,11,6,4,4,2,1,0,0,7.92,5.62,1.34,8.8,5.9,1.37,2024-12-29 14:30:00,20241229_leicester_mancity,0,0,1,2,0,8,3,25,17
E0,2024-12-29,15:00,Crystal Palace,Southampton,2,1,H,1,1,19,7,10,3,18,19,8,7,2,3,0,0,1.61,4.11,5.42,1.66,4.25,5.8,2024-12-29 15:00:00,20241229_crystalpalace_southampton,1,0,0,3,1,15,5,26,37
E0,2024-12-29,15:00,Everton,Nott'm Forest,0,2,A,0,1,13,11,2,7,13,10,5,4,4,1,0,0,2.64,3.16,2.83,2.71,3.24,2.9,2024-12-29 15:00:00,20241229_everton_nott'mforest,0,0,1,2,0,9,5,24,23
E0,2024-12-29,15:00,Fulham,Bournemouth,2,2,D,1,0,11,16,6,9,7,16,1,7,1,3,0,0,2.35,3.58,2.91,2.4,3.77,3.0,2024-12-29 15:00:00,20241229_fulham_bournemouth,0,1,0,4,1,8,4,27,23
E0,2024-12-29,15:00,Tottenham,Wolves,2,2,D,2,1,13,11,3,3,9,10,5,5,1,2,0,0,1.61,4.77,4.56,1.66,5.0,4.75,2024-12-29 15:00:00,20241229_tottenham_wolves,0,1,0,4,1,10,3,24,19
E0,2024-12-29,17:15,West Ham,Liverpool,0,5,A,0,3,7,22,0,13,7,10,3,6,0,0,0,0,7.04,5.21,1.4,7.5,5.5,1.43,2024-12-29 17:15:00,20241229_westham_liverpool,0,0,1,5,1,9,0,29,17
E0,2024-12-30,19:45,Aston Villa,Brighton,2,2,D,1,1,20,13,4,4,9,14,12,3,2,3,0,0,1.94,3.86,3.61,1.99,4.02,3.8,2024-12-30 19:45:00,20241230_astonvilla_brighton,0,1,0,4,1,15,5,33,23
E0,2024-12-30,19:45,Ipswich,Chelsea,2,0,H,1,0,9,20,6,5,9,5,4,7,4,4,0,0,6.87,5.02,1.41,7.83,5.4,1.46,2024-12-30 19:45:00,20241230_ipswich_chelsea,1,0,0,2,0,11,8,29,14
E0,2024-12-30,20:00,Man United,Newcastle,0,2,A,0,2,10,12,0,4,13,8,2,3,1,1,0,0,2.7,3.61,2.49,2.8,3.81,2.55,2024-12-30 20:00:00,20241230_manunited_newcastle,0,0,1,2,0,5,2,22,21
E0,2025-01-01,17:30,Brentford,Arsenal,1,3,A,1,1,5,14,2,5,6,8,4,3,1,2,0,0,6.67,4.8,1.44,7.2,5.0,1.49,2025-01-01 17:30:00,20250101_brentford_arsenal,0,0,1,4,1,7,3,19,14
E0,2025-01-04,12:30,Tottenham,Newcastle,1,2,A,1,2,13,14,4,4,11,15,9,10,1,4,0,0,2.88,3.94,2.24,3.0,4.06,2.31,2025-01-04 12:30:00,20250104_tottenham_newcastle,0,0,1,3,1,19,5,27,26
E0,2025-01-04,15:00,Aston Villa,Leicester,2,1,H,0,0,13,4,5,2,10,11,7,2,0,1,0,0,1.32,5.51,9.16,1.35,5.86,10.5,2025-01-04 15:00:00,20250104_astonvilla_leicester,1,0,0,3,1,9,1,17,21
E0,2025-01-04,15:00,Bournemouth,Everton,1,0,H,0,0,19,9,8,0,15,14,9,3,2,2,0,0,1.75,3.82,4.71,1.8,3.99,5.0,2025-01-04 15:00:00,20250104_bournemouth_everton,1,0,0,1,0,12,4,28,29
E0,2025-01-04,15:00,Crystal Palace,Chelsea,1,1,D,0,1,13,15,6,1,9,12,6,6,0,2,0,0,3.65,3.88,1.95,3.8,4.02,1.98,2025-01-04 15:00:00,20250104_crystalpalace_chelsea,0,1,0,2,0,12,2,28,21
E0,2025-01-04,15:00,Man City,West Ham,4,1,H,2,0,10,17,7,4,8,13,7,1,2,1,0,0,1.31,6.09,8.3,1.34,6.5,9.0,2025-01-04 15:00:00,20250104_mancity_westham,1,0,0,5,1,8,3,27,21
E0,2025-01-04,15:00,Southampton,Brentford,0,5,A,0,1,8,20,1,11,10,4,2,2,2,0,0,0,2.78,3.54,2.48,3.0,3.81,2.55,2025-01-04 15:00:00,20250104_southampton_brentford,0,0,1,5,1,4,2,28,14
E0,2025-01-04,17:30,Brighton,Arsenal,1,1,D,0,1,11,9,4,3,17,14,2,5,2,3,0,0,4.36,3.83,1.8,4.7,4.01,1.84,2025-01-04 17:30:00,20250104_brighton_arsenal,0,1,0,2,0,7,5,20,31
E0,2025-01-05,14:00,Fulham,Ipswich,2,2,D,0,1,15,7,4,3,10,14,9,2,1,5,0,0,1.56,4.34,5.68,1.6,4.46,6.25,2025-01-05 14:00:00,20250105_fulham_ipswich,0,1,0,4,1,11,6,22,24
E0,2025-01-05,16:30,Liverpool,Man United,2,2,D,0,0,19,13,6,4,10,13,6,9,2,4,0,0,1.29,6.05,9.49,1.3,6.5,11.0,2025-01-05 16:30:00,20250105_liverpool_manunited,0,1,0,4,1,15,6,32,23
E0,2025-01-06,20:00,Wolves,Nott'm Forest,0,3,A,0,2,13,11,6,3,10,8,5,3,1,2,0,0,3.22,3.22,2.33,3.44,3.35,2.42,2025-01-06 20:00:00,20250106_wolves_nott'mforest,0,0,1,3,1,8,3,24,18
E0,2025-01-14,19:30,West Ham,Fulham,3,2,H,2,0,4,21,3,5,9,18,0,3,3,3,0,0,2.97,3.43,2.41,3.05,3.54,2.49,2025-01-14 19:30:00,20250114_westham_fulham,1,0,0,5,1,3,6,25,27
E0,2025-01-14,19:30,Chelsea,Bournemouth,2,2,D,1,0,26,7,10,3,15,16,9,3,2,3,0,0,1.5,4.81,5.92,1.61,4.99,6.4,2025-01-14 19:30:00,20250114_chelsea_bournemouth,0,1,0,4,1,12,5,33,31
E0,2025-01-14,19:30,Brentford,Man City,2,2,D,0,0,18,21,6,8,4,4,4,5,0,0,0,0,4.76,4.47,1.64,5.09,4.74,1.67,2025-01-14 19:30:00,20250114_brentford_mancity,0,1,0,4,1,9,0,39,8
E0,2025-01-14,20:00,Nott'm Forest,Liverpool,1,1,D,1,0,6,23,3,7,7,10,0,9,2,1,0,0,5.14,4.16,1.64,5.4,4.38,1.67,2025-01-14 20:00:00,20250114_nott'mforest_liverpool,0,1,0,2,0,9,3,29,17
E0,2025-01-15,19:30,Everton,Aston Villa,0,1,A,0,0,10,11,3,3,17,10,8,5,2,1,0,0,3.2,3.24,2.35,3.3,3.35,2.39,2025-01-15 19:30:00,20250115_everton_astonvilla,0,0,1,1,0,13,3,21,27
E0,2025-01-15,19:30,Leicester,Crystal Palace,0,2,A,0,0,21,9,4,4,7,6,4,3,0,0,0,0,3.88,3.73,1.92,4.01,3.94,1.96,2025-01-15 19:30:00,20250115_leicester_crystalpalace,0,0,1,2,0,7,0,30,13
E0,2025-01-15,19:30,Newcastle,Wolves,3,0,H,1,0,17,13,5,7,10,13,4,2,0,2,0,0,1.35,5.54,8.08,1.38,5.9,9.0,2025-01-15 19:30:00,20250115_newcastle_wolves,1,0,0,3,1,6,2,30,23
E0,2025-01-15,20:00,Arsenal,Tottenham,2,1,H,2,1,14,10,4,2,16,9,10,4,3,1,0,0,1.4,5.29,6.86,1.43,5.6,7.23,2025-01-15 20:00:00,20250115_arsenal_tottenham,1,0,0,3,1,14,4,24,25
E0,2025-01-16,19:30,Ipswich,Brighton,0,2,A,0,0,5,11,3,5,13,14,1,9,2,2,0,0,3.8,3.73,1.94,3.9,3.92,1.98,2025-01-16 19:30:00,20250116_ipswich_brighton,0,0,1,2,0,10,4,16,27
E0,2025-01-16,20:00,Man United,Southampton,3,1,H,0,1,23,13,9,5,7,10,5,4,1,3,0,0,1.3,5.79,9.4,1.33,6.0,10.5,2025-01-16 20:00:00,20250116_manunited_southampton,1,0,0,4,1,9,4,36,17
E0,2025-01-18,12:30,Newcastle,Bournemouth,1,4,A,1,2,13,19,5,10,7,18,7,6,1,6,0,0,1.64,4.3,4.93,1.67,4.49,5.2,2025-01-18 12:30:00,20250118_newcastle_bournemouth,0,0,1,5,1,13,7,32,25
E0,2025-01-18,15:00,Leicester,Fulham,0,2,A,0,0,8,17,4,2,8,8,5,2,3,1,0,0,4.17,3.81,1.84,4.4,4.05,1.9,2025-01-18 15:00:00,20250118_leicester_fulham,0,0,1,2,0,7,4,25,16
E0,2025-01-18,15:00,West Ham,Crystal Palace,0,2,A,0,0,7,12,0,7,13,10,2,4,1,0,1,0,2.62,3.41,2.69,2.71,3.53,2.75,2025-01-18 15:00:00,20250118_westham_crystalpalace,0,0,1,2,0,6,2,19,23
E0,2025-01-18,15:00,Brentford,Liverpool,0,2,A,0,0,11,37,6,8,6,14,2,15,2,3,0,0,6.43,5.15,1.43,7.0,5.35,1.49,2025-01-18 15:00:00,20250118_brentford_liverpool,0,0,1,2,0,17,5,48,20
E0,2025-01-18,17:30,Arsenal,Aston Villa,2,2,D,1,0,18,8,6,4,10,18,10,1,2,3,0,0,1.51,4.35,6.45,1.55,4.5,7.0,2025-01-18 17:30:00,20250118_arsenal_astonvilla,0,1,0,4,1,11,5,26,28
E0,2025-01-19,14:00,Everton,Tottenham,3,2,H,3,0,12,11,6,6,14,14,3,8,2,1,0,0,2.91,3.51,2.41,3.0,3.77,2.5,2025-01-19 14:00:00,20250119_everton_tottenham,1,0,0,5,1,11,3,23,28
E0,2025-01-19,14:00,Man United,Brighton,1,3,A,1,1,10,6,1,3,13,12,4,2,3,3,0,0,2.09,3.71,3.36,2.13,3.85,3.5,2025-01-19 14:00:00,20250119_manunited_brighton,0,0,1,4,1,6,6,16,25
E0,2025-01-19,14:00,Nott'm Forest,Southampton,3,2,H,3,0,14,10,5,4,4,18,2,8,0,4,0,0,1.39,4.86,8.03,1.42,5.1,8.5,2025-01-19 14:00:00,20250119_nott'mforest_southampton,1,0,0,5,1,10,4,24,22
E0,2025-01-19,16:30,Ipswich,Man City,0,6,A,0,3,8,17,4,9,4,7,4,7,0,1,0,0,7.72,5.36,1.36,9.0,5.6,1.41,2025-01-19 16:30:00,20250119_ipswich_mancity,0,0,1,6,1,11,1,25,11
E0,2025-01-20,20:00,Chelsea,Wolves,3,1,H,1,1,19,9,7,4,8,14,3,6,4,2,0,0,1.37,5.51,7.3,1.41,5.8,8.5,2025-01-20 20:00:00,20250120_chelsea_wolves,1,0,0,4,1,9,6,28,22
E0,2025-01-25,15:00,Wolves,Arsenal,0,1,A,0,0,9,9,4,3,20,10,1,5,0,1,1,1,6.85,4.65,1.46,7.5,4.8,1.5,2025-01-25 15:00:00,20250125_wolves_arsenal,0,0,1,1,0,6,3,18,30
E0,2025-01-25,15:00,Liverpool,Ipswich,4,1,H,3,0,16,3,6,3,10,11,3,4,0,2,0,0,1.1,11.04,20.87,1.13,13.0,27.0,2025-01-25 15:00:00,20250125_liverpool_ipswich,1,0,0,5,1,7,2,19,21
E0,2025-01-25,15:00,Southampton,Newcastle,1,3,A,1,2,12,17,5,9,10,5,3,8,1,0,0,0,6.82,5.09,1.42,7.5,5.3,1.47,2025-01-25 15:00:00,20250125_southampton_newcastle,0,0,1,4,1,11,1,29,15
E0,2025-01-25,15:00,Bournemouth,Nott'm Forest,5,0,H,1,0,16,18,10,4,9,12,3,9,2,3,0,0,2.09,3.64,3.42,2.14,3.75,3.5,2025-01-25 15:00:00,20250125_bournemouth_nott'mforest,1,0,0,5,1,12,5,34,21
E0,2025-01-25,15:00,Brighton,Everton,0,1,A,0,1,16,3,1,1,8,11,9,1,3,4,0,0,1.67,3.86,5.39,1.7,4.04,5.72,2025-01-25 15:00:00,20250125_brighton_everton,0,0,1,1,0,10,7,19,19
E0,2025-01-25,17:30,Man City,Chelsea,3,1,H,1,1,15,10,6,4,6,8,2,4,3,2,0,0,2.03,4.03,3.29,2.08,4.22,3.4,2025-01-25 17:30:00,20250125_mancity_chelsea,1,0,0,4,1,6,5,25,14
E0,2025-01-26,14:00,Crystal Palace,Brentford,1,2,A,0,0,16,13,5,6,8,11,4,7,2,2,0,0,2.06,3.68,3.47,2.09,3.82,3.62,2025-01-26 14:00:00,20250126_crystalpalace_brentford,0,0,1,3,1,11,4,29,19
E0,2025-01-26,14:00,Tottenham,Leicester,1,2,A,1,0,15,12,6,3,6,16,6,4,1,5,0,0,1.46,5.21,5.89,1.49,5.5,6.25,2025-01-26 14:00:00,20250126_tottenham_leicester,0,0,1,3,1,10,6,27,22
E0,2025-01-26,16:30,Aston Villa,West Ham,1,1,D,1,0,14,14,4,4,13,16,4,3,2,3,0,0,1.55,4.39,5.81,1.58,4.6,6.0,2025-01-26 16:30:00,20250126_astonvilla_westham,0,1,0,2,0,7,5,28,29
E0,2025-01-26,19:00,Fulham,Man United,0,1,A,0,0,9,4,3,1,7,9,3,0,0,1,0,0,2.31,3.44,3.1,2.38,3.65,3.18,2025-01-26 19:00:00,20250126_fulham_manunited,0,0,1,1,0,3,1,13,16
E0,2025-02-01,12:30,Nott'm Forest,Brighton,7,0,H,3,0,14,10,9,5,8,13,4,6,1,3,0,0,2.44,3.46,2.89,2.48,3.57,2.99,2025-02-01 12:30:00,20250201_nott'mforest_brighton,1,0,0,7,1,10,4,24,21
E0,2025-02-01,15:00,Ipswich,Southampton,1,2,A,1,1,15,9,6,4,11,14,1,2,0,3,0,0,1.98,3.67,3.74,2.02,3.9,3.95,2025-02-01 15:00:00,20250201_ipswich_southampton,0,0,1,3,1,3,3,24,25
E0,2025-02-01,15:00,Bournemouth,Liverpool,0,2,A,0,1,14,19,3,7,15,9,3,3,2,3,0,0,4.56,4.32,1.68,4.75,4.48,1.71,2025-02-01 15:00:00,20250201_bournemouth_liverpool,0,0,1,2,0,6,5,33,24
E0,2025-02-01,15:00,Everton,Leicester,4,0,H,3,0,13,9,7,1,7,13,5,6,0,0,0,0,1.79,3.67,4.67,1.81,3.85,5.0,2025-02-01 15:00:00,20250201_everton_leicester,1,0,0,4,1,11,0,22,20
E0,2025-02-01,15:00,Newcastle,Fulham,1,2,A,1,0,11,15,4,4,10,15,4,7,4,4,0,0,1.71,4.07,4.66,1.73,4.25,5.1,2025-02-01 15:00:00,20250201_newcastle_fulham,0,0,1,3,1,11,8,26,25
E0,2025-02-01,17:30,Wolves,Aston Villa,2,0,H,1,0,8,10,5,3,20,13,5,8,2,3,0,0,3.36,3.58,2.14,3.5,3.81,2.18,2025-02-01 17:30:00,20250201_wolves_astonvilla,1,0,0,2,0,13,5,18,33
E0,2025-02-02,14:00,Man United,Crystal Palace,0,2,A,0,0,17,11,2,3,12,13,11,0,3,1,0,0,2.04,3.48,3.71,2.08,3.59,3.85,2025-02-02 14:00:00,20250202_manunited_crystalpalace,0,0,1,2,0,11,4,28,25
E0,2025-02-02,14:00,Brentford,Tottenham,0,2,A,0,1,20,13,4,2,4,11,10,3,0,1,0,0,2.11,3.97,3.1,2.16,4.33,3.25,2025-02-02 14:00:00,20250202_brentford_tottenham,0,0,1,2,0,13,1,33,15
E0,2025-02-02,16:30,Arsenal,Man City,5,1,H,1,0,12,7,7,4,6,7,5,2,2,0,0,0,1.97,3.58,3.83,2.01,3.75,4.08,2025-02-02 16:30:00,20250202_arsenal_mancity,1,0,0,6,1,7,2,19,13
E0,2025-02-03,20:00,Chelsea,West Ham,2,1,H,0,1,22,14,3,5,11,10,4,3,3,1,0,0,1.36,5.54,7.58,1.39,5.92,8.0,2025-02-03 20:00:00,20250203_chelsea_westham,1,0,0,3,1,7,4,36,21
E0,2025-02-12,19:30,Everton,Liverpool,2,2,D,1,1,10,6,3,4,9,20,2,3,2,2,1,1,7.36,4.71,1.44,8.0,4.9,1.46,2025-02-12 19:30:00,20250212_everton_liverpool,0,1,0,4,1,5,6,16,29
E0,2025-02-14,20:00,Brighton,Chelsea,3,0,H,2,0,13,8,5,0,12,15,2,9,1,2,0,0,2.85,3.6,2.43,3.0,3.83,2.51,2025-02-14 20:00:00,20250214_brighton_chelsea,1,0,0,3,1,11,3,21,27
E0,2025-02-15,12:30,Leicester,Arsenal,0,2,A,0,0,6,11,2,5,9,10,3,7,2,1,0,0,9.45,5.29,1.34,10.5,5.6,1.36,2025-02-15 12:30:00,20250215_leicester_arsenal,0,0,1,2,0,10,3,17,19
E0,2025-02-15,15:00,Aston Villa,Ipswich,1,1,D,0,0,25,4,6,3,7,11,16,1,0,3,0,1,1.41,4.96,7.45,1.43,5.2,8.2,2025-02-15 15:00:00,20250215_astonvilla_ipswich,0,1,0,2,0,17,4,29,18
E0,2025-02-15,15:00,Fulham,Nott'm Forest,2,1,H,1,1,24,8,10,2,13,8,8,4,0,0,0,0,2.22,3.35,3.39,2.28,3.48,3.52,2025-02-15 15:00:00,20250215_fulham_nott'mforest,1,0,0,3,1,12,0,32,21
E0,2025-02-15,15:00,Man City,Newcastle,4,0,H,3,0,11,3,7,1,5,13,7,4,0,1,0,0,1.97,4.07,3.44,2.01,4.2,3.55,2025-02-15 15:00:00,20250215_mancity_newcastle,1,0,0,4,1,11,1,14,18
E0,2025-02-15,15:00,Southampton,Bournemouth,1,3,A,0,2,11,14,4,7,13,15,4,6,1,3,0,0,5.83,4.64,1.52,6.2,4.9,1.55,2025-02-15 15:00:00,20250215_southampton_bournemouth,0,0,1,4,1,10,4,25,28
E0,2025-02-15,15:00,West Ham,Brentford,0,1,A,0,1,13,14,3,5,10,13,9,2,1,1,0,0,2.41,3.64,2.82,2.49,3.77,2.9,2025-02-15 15:00:00,20250215_westham_brentford,0,0,1,1,0,11,2,27,23
E0,2025-02-15,17:30,Crystal Palace,Everton,1,2,A,0,1,17,11,6,6,9,12,6,2,0,1,0,0,1.81,3.45,4.94,1.87,3.57,5.3,2025-02-15 17:30:00,20250215_crystalpalace_everton,0,0,1,3,1,8,1,28,21
E0,2025-02-16,14:00,Liverpool,Wolves,2,1,H,2,0,10,16,3,4,15,13,4,3,2,2,0,0,1.19,7.85,12.84,1.21,8.5,15.0,2025-02-16 14:00:00,20250216_liverpool_wolves,1,0,0,3,1,7,4,26,28
E0,2025-02-16,16:30,Tottenham,Man United,1,0,H,1,0,22,16,7,6,13,9,10,5,1,2,0,0,2.45,3.73,2.69,2.51,3.85,2.8,2025-02-16 16:30:00,20250216_tottenham_manunited,1,0,0,1,0,15,3,38,22
E0,2025-02-19,19:30,Aston Villa,Liverpool,2,2,D,2,1,9,17,4,3,8,6,6,8,1,0,0,0,3.93,4.0,1.85,4.1,4.17,1.9,2025-02-19 19:30:00,20250219_astonvilla_liverpool,0,1,0,4,1,14,1,26,14
E0,2025-02-21,20:00,Leicester,Brentford,0,4,A,0,3,8,14,3,6,10,10,5,6,4,0,0,0,3.7,3.86,1.96,3.81,4.01,2.0,2025-02-21 20:00:00,20250221_leicester_brentford,0,0,1,4,1,11,4,22,20
E0,2025-02-22,12:30,Everton,Man United,2,2,D,2,0,9,9,8,3,12,9,7,9,4,1,0,0,2.55,3.2,2.96,2.61,3.3,3.05,2025-02-22 12:30:00,20250222_everton_manunited,0,1,0,4,1,16,5,18,21
E0,2025-02-22,15:00,Arsenal,West Ham,0,1,A,0,1,20,5,2,2,16,15,2,0,1,3,1,0,1.25,6.2,11.63,1.27,6.7,13.0,2025-02-22 15:00:00,20250222_arsenal_westham,0,0,1,1,0,2,5,25,31
E0,2025-02-22,15:00,Bournemouth,Wolves,0,1,A,0,1,8,13,3,5,17,9,6,7,3,3,1,0,1.56,4.45,5.5,1.6,4.6,5.8,2025-02-22 15:00:00,20250222_bournemouth_wolves,0,0,1,1,0,13,7,21,26
E0,2025-02-22,15:00,Fulham,Crystal Palace,0,2,A,0,1,10,10,0,5,10,7,7,7,1,3,0,0,2.05,3.48,3.74,2.08,3.61,3.89,2025-02-22 15:00:00,20250222_fulham_crystalpalace,0,0,1,2,0,14,4,20,17
E0,2025-02-22,15:00,Ipswich,Tottenham,1,4,A,1,2,17,10,5,6,15,14,4,4,2,1,0,0,3.87,3.89,1.89,4.1,4.05,1.93,2025-02-22 15:00:00,20250222_ipswich_tottenham,0,0,1,5,1,8,3,27,29
E0,2025-02-22,15:00,Southampton,Brighton,0,4,A,0,1,6,18,1,12,11,12,5,6,2,0,0,0,5.52,4.38,1.57,6.0,4.6,1.61,2025-02-22 15:00:00,20250222_southampton_brighton,0,0,1,4,1,11,2,24,23
E0,2025-02-22,17:30,Aston Villa,Chelsea,2,1,H,0,1,12,15,6,7,15,16,2,3,1,3,0,0,2.62,3.7,2.56,2.67,3.84,2.63,2025-02-22 17:30:00,20250222_astonvilla_chelsea,1,0,0,3,1,5,4,27,31
E0,2025-02-23,14:00,Newcastle,Nott'm Forest,4,3,H,4,1,13,17,5,5,11,13,7,6,1,4,0,0,1.81,3.96,4.11,1.85,4.12,4.5,2025-02-23 14:00:00,20250223_newcastle_nott'mforest,1,0,0,7,1,13,5,30,24
E0,2025-02-23,16:30,Man City,Liverpool,0,2,A,0,2,16,8,5,4,3,10,7,5,0,0,0,0,2.9,3.86,2.26,3.0,3.97,2.3,2025-02-23 16:30:00,20250223_mancity_liverpool,0,0,1,2,0,12,0,24,13
E0,2025-02-25,19:30,Brighton,Bournemouth,2,1,H,1,0,11,19,4,5,12,14,1,9,2,1,0,0,2.06,3.81,3.43,2.11,3.96,3.58,2025-02-25 19:30:00,20250225_brighton_bournemouth,1,0,0,3,1,10,3,30,26
E0,2025-02-25,19:30,Crystal Palace,Aston Villa,4,1,H,1,0,19,6,6,2,19,10,3,8,3,1,0,0,2.55,3.38,2.83,2.61,3.45,2.91,2025-02-25 19:30:00,20250225_crystalpalace_astonvilla,1,0,0,5,1,11,4,25,29
E0,2025-02-25,19:30,Wolves,Fulham,1,2,A,1,1,18,11,5,5,8,15,7,5,1,3,0,0,2.71,3.34,2.69,2.75,3.45,2.75,2025-02-25 19:30:00,20250225_wolves_fulham,0,0,1,3,1,12,4,29,23
E0,2025-02-25,20:15,Chelsea,Southampton,4,0,H,3,0,19,7,10,2,6,9,4,2,1,2,0,0,1.17,8.55,14.69,1.19,9.4,16.5,2025-02-25 20:15:00,20250225_chelsea_southampton,1,0,0,4,1,6,3,26,15
E0,2025-02-26,19:30,Brentford,Everton,1,1,D,1,0,12,14,3,4,3,6,2,5,2,1,0,0,2.02,3.68,3.59,2.06,3.82,3.67,2025-02-26 19:30:00,20250226_brentford_everton,0,1,0,2,0,7,3,26,9
E0,2025-02-26,19:30,Man United,Ipswich,3,2,H,2,2,10,12,6,3,9,16,5,6,4,4,1,0,1.52,4.55,5.83,1.56,4.75,6.5,2025-02-26 19:30:00,20250226_manunited_ipswich,1,0,0,5,1,11,9,22,25
E0,2025-02-26,19:30,Nott'm Forest,Arsenal,0,0,D,0,0,6,13,2,1,10,17,3,11,1,1,0,0,3.94,3.48,1.98,4.1,3.6,2.02,2025-02-26 19:30:00,20250226_nott'mforest_arsenal,0,1,0,0,0,14,2,19,27
E0,2025-02-26,19:30,Tottenham,Man City,0,1,A,0,1,11,12,6,5,12,15,8,3,3,0,0,0,3.22,4.09,2.04,3.35,4.25,2.1,2025-02-26 19:30:00,20250226_tottenham_mancity,0,0,1,1,0,11,3,23,27
E0,2025-02-26,20:15,Liverpool,Newcastle,2,0,H,1,0,12,3,3,0,12,11,4,2,0,1,0,0,1.52,4.77,5.64,1.54,5.0,6.1,2025-02-26 20:15:00,20250226_liverpool_newcastle,1,0,0,2,0,6,1,15,23
E0,2025-02-27,20:00,West Ham,Leicester,2,0,H,2,0,8,10,2,2,12,6,3,3,0,0,0,0,1.63,4.15,5.17,1.65,4.33,5.4,2025-02-27 20:00:00,20250227_westham_leicester,1,0,0,2,0,6,0,18,18
E0,2025-03-08,12:30,Nott'm Forest,Man City,1,0,H,0,0,9,14,4,3,9,7,3,2,3,2,0,0,3.88,3.89,1.89,4.02,4.02,1.92,2025-03-08 12:30:00,20250308_nott'mforest_mancity,1,0,0,1,0,5,5,23,16
E0,2025-03-08,15:00,Brighton,Fulham,2,1,H,1,1,9,6,4,1,6,12,3,7,0,2,0,0,1.99,3.62,3.77,2.04,3.75,3.98,2025-03-08 15:00:00,20250308_brighton_fulham,1,0,0,3,1,10,2,15,18
E0,2025-03-08,15:00,Crystal Palace,Ipswich,1,0,H,0,0,19,15,4,8,8,7,5,4,4,3,0,0,1.48,4.55,6.74,1.5,4.75,7.2,2025-03-08 15:00:00,20250308_crystalpalace_ipswich,1,0,0,1,0,9,7,34,15
E0,2025-03-08,15:00,Liverpool,Southampton,3,1,H,0,1,28,6,7,4,10,9,6,4,2,1,0,0,1.12,9.97,19.5,1.14,11.3,25.0,2025-03-08 15:00:00,20250308_liverpool_southampton,1,0,0,4,1,10,3,34,19
E0,2025-03-08,17:30,Brentford,Aston Villa,0,1,A,0,0,13,12,3,4,10,5,6,5,2,2,0,0,2.26,3.8,2.95,2.29,3.99,3.08,2025-03-08 17:30:00,20250308_brentford_astonvilla,0,0,1,1,0,11,4,25,15
E0,2025-03-08,20:00,Wolves,Everton,1,1,D,1,1,11,12,3,4,11,16,5,5,2,2,0,0,2.63,3.14,2.87,2.71,3.31,2.95,2025-03-08 20:00:00,20250308_wolves_everton,0,1,0,2,0,10,4,23,27
E0,2025-03-09,14:00,Chelsea,Leicester,1,0,H,0,0,20,3,7,3,12,13,12,2,1,0,0,0,1.2,7.67,12.34,1.22,8.4,15.5,2025-03-09 14:00:00,20250309_chelsea_leicester,1,0,0,1,0,14,1,23,25
E0,2025-03-09,14:00,Tottenham,Bournemouth,2,2,D,0,1,12,17,4,8,15,16,3,6,3,3,0,0,2.71,3.88,2.4,2.79,3.98,2.45,2025-03-09 14:00:00,20250309_tottenham_bournemouth,0,1,0,4,1,9,6,29,31
E0,2025-03-09,16:30,Man United,Arsenal,1,1,D,1,0,10,17,6,6,8,11,2,9,0,1,0,0,5.41,3.58,1.72,6.0,3.81,1.75,2025-03-09 16:30:00,20250309_manunited_arsenal,0,1,0,2,0,11,1,27,19
E0,2025-03-10,20:00,West Ham,Newcastle,0,1,A,0,0,9,9,2,3,7,15,3,4,0,1,0,0,3.21,3.57,2.19,3.34,3.83,2.23,2025-03-10 20:00:00,20250310_westham_newcastle,0,0,1,1,0,7,1,18,22
E0,2025-03-15,15:00,Man City,Brighton,2,2,D,2,1,11,15,3,3,10,10,4,5,2,5,0,0,1.66,4.45,4.63,1.7,4.7,4.89,2025-03-15 15:00:00,20250315_mancity_brighton,0,1,0,4,1,9,7,26,20
E0,2025-03-15,15:00,Southampton,Wolves,1,2,A,0,1,10,5,3,3,12,13,5,1,0,0,0,0,3.63,3.51,2.06,3.85,3.65,2.11,2025-03-15 15:00:00,20250315_southampton_wolves,0,0,1,3,1,6,0,15,25
E0,2025-03-15,15:00,Everton,West Ham,1,1,D,0,0,13,10,5,5,12,8,6,5,1,2,0,0,2.11,3.27,3.81,2.17,3.35,3.97,2025-03-15 15:00:00,20250315_everton_westham,0,1,0,2,0,11,3,23,20
E0,2025-03-15,15:00,Ipswich,Nott'm Forest,2,4,A,0,3,11,11,4,6,4,13,6,3,1,1,0,0,3.8,3.59,1.99,3.93,3.71,2.05,2025-03-15 15:00:00,20250315_ipswich_nott'mforest,0,0,1,6,1,9,2,22,17
E0,2025-03-15,17:30,Bournemouth,Brentford,1,2,A,1,1,17,10,5,4,13,7,4,3,3,0,0,0,1.76,4.16,4.25,1.8,4.3,4.4,2025-03-15 17:30:00,20250315_bournemouth_brentford,0,0,1,3,1,7,3,27,20
E0,2025-03-16,13:30,Arsenal,Chelsea,1,0,H,1,0,12,8,4,2,10,13,5,4,3,3,0,0,1.81,3.74,4.44,1.85,3.91,4.6,2025-03-16 13:30:00,20250316_arsenal_chelsea,1,0,0,1,0,9,6,20,23
E0,2025-03-16,13:30,Fulham,Tottenham,2,0,H,0,0,13,12,4,4,13,10,6,5,0,0,0,0,2.01,3.84,3.48,2.1,4.04,3.65,2025-03-16 13:30:00,20250316_fulham_tottenham,1,0,0,2,0,11,0,25,23
E0,2025-03-16,19:00,Leicester,Man United,0,3,A,0,1,11,18,3,5,6,6,6,4,2,0,0,0,4.21,3.76,1.84,4.5,3.91,1.87,2025-03-16 19:00:00,20250316_leicester_manunited,0,0,1,3,1,10,2,29,12
E0,2025-04-01,19:45,Arsenal,Fulham,2,1,H,1,0,17,9,4,3,2,10,5,4,1,2,0,0,1.48,4.2,7.73,1.52,4.5,9.0,2025-04-01 19:45:00,20250401_arsenal_fulham,1,0,0,3,1,9,3,26,12
E0,2025-04-01,19:45,Wolves,West Ham,1,0,H,1,0,9,10,2,1,16,12,1,2,4,2,0,0,2.57,3.2,2.92,2.63,3.3,3.1,2025-04-01 19:45:00,20250401_wolves_westham,1,0,0,1,0,3,6,19,28
E0,2025-04-01,20:00,Nott'm Forest,Man United,1,0,H,1,0,8,23,2,6,5,12,3,10,1,3,0,0,2.32,3.42,3.13,2.45,3.59,3.28,2025-04-01 20:00:00,20250401_nott'mforest_manunited,1,0,0,1,0,13,4,31,17
E0,2025-04-02,19:45,Southampton,Crystal Palace,1,1,D,1,0,8,9,2,3,14,9,2,2,2,1,0,0,5.5,4.01,1.62,5.8,4.28,1.65,2025-04-02 19:45:00,20250402_southampton_crystalpalace,0,1,0,2,0,4,3,17,23
E0,2025-04-02,19:45,Newcastle,Brentford,2,1,H,1,0,21,12,4,3,12,12,4,5,1,1,0,0,1.73,4.31,4.21,1.75,4.5,4.4,2025-04-02 19:45:00,20250402_newcastle_brentford,1,0,0,3,1,9,2,33,24
E0,2025-04-02,19:45,Brighton,Aston Villa,0,3,A,0,0,11,8,4,5,16,11,4,0,1,3,0,0,2.09,3.81,3.27,2.15,3.97,3.35,2025-04-02 19:45:00,20250402_brighton_astonvilla,0,0,1,3,1,4,4,19,27
E0,2025-04-02,19:45,Bournemouth,Ipswich,1,2,A,0,1,24,10,7,2,14,15,8,3,1,2,0,0,1.38,5.23,7.72,1.41,5.5,8.0,2025-04-02 19:45:00,20250402_bournemouth_ipswich,0,0,1,3,1,11,3,34,29
E0,2025-04-02,19:45,Man City,Leicester,2,0,H,2,0,18,2,5,0,11,8,5,0,1,4,0,0,1.2,7.61,12.4,1.22,8.2,15.0,2025-04-02 19:45:00,20250402_mancity_leicester,1,0,0,2,0,5,5,20,19
E0,2025-04-02,20:00,Liverpool,Everton,1,0,H,0,0,17,5,3,0,7,11,11,5,2,2,0,0,1.36,5.02,8.78,1.4,5.3,9.5,2025-04-02 20:00:00,20250402_liverpool_everton,1,0,0,1,0,16,4,22,18
E0,2025-04-03,20:00,Chelsea,Tottenham,1,0,H,0,0,11,8,5,2,7,16,4,6,5,5,0,0,1.64,4.5,4.57,1.67,4.69,4.75,2025-04-03 20:00:00,20250403_chelsea_tottenham,1,0,0,1,0,10,10,19,23
E0,2025-04-05,12:30,Everton,Arsenal,1,1,D,0,1,5,14,2,5,17,13,3,8,3,1,0,0,5.15,3.44,1.78,5.6,3.6,1.81,2025-04-05 12:30:00,20250405_everton_arsenal,0,1,0,2,0,11,4,19,30
E0,2025-04-05,15:00,Crystal Palace,Brighton,2,1,H,1,1,8,11,3,5,12,13,2,4,0,1,2,1,2.43,3.46,2.87,2.5,3.6,2.97,2025-04-05 15:00:00,20250405_crystalpalace_brighton,1,0,0,3,1,6,4,19,25
E0,2025-04-05,15:00,Ipswich,Wolves,1,2,A,1,0,6,22,2,7,12,16,4,8,2,2,0,0,2.74,3.28,2.65,2.8,3.45,2.72,2025-04-05 15:00:00,20250405_ipswich_wolves,0,0,1,3,1,12,4,28,28
E0,2025-04-05,15:00,West Ham,Bournemouth,2,2,D,0,1,9,11,3,4,13,13,4,7,2,2,0,0,3.04,3.47,2.34,3.2,3.53,2.41,2025-04-05 15:00:00,20250405_westham_bournemouth,0,1,0,4,1,11,4,20,26
E0,2025-04-05,17:30,Aston Villa,Nott'm Forest,2,1,H,2,0,17,19,8,3,7,15,4,4,2,2,0,0,1.99,3.63,3.72,2.05,3.75,3.9,2025-04-05 17:30:00,20250405_astonvilla_nott'mforest,1,0,0,3,1,8,4,36,22
E0,2025-04-06,14:00,Fulham,Liverpool,3,2,H,3,1,12,14,6,6,10,9,4,4,3,0,0,0,4.24,3.7,1.86,4.5,3.8,1.9,2025-04-06 14:00:00,20250406_fulham_liverpool,1,0,0,5,1,8,3,26,19
E0,2025-04-06,14:00,Tottenham,Southampton,3,1,H,2,0,13,12,8,4,16,20,4,1,1,1,0,0,1.39,5.32,7.12,1.43,5.6,7.75,2025-04-06 14:00:00,20250406_tottenham_southampton,1,0,0,4,1,5,2,25,36
E0,2025-04-06,14:00,Brentford,Chelsea,0,0,D,0,0,9,21,2,5,12,12,3,6,1,3,0,0,3.2,3.73,2.15,3.4,3.85,2.2,2025-04-06 14:00:00,20250406_brentford_chelsea,0,1,0,0,0,9,4,30,24
E0,2025-04-06,16:30,Man United,Man City,0,0,D,0,0,13,9,2,5,13,9,5,3,3,2,0,0,3.33,3.61,2.13,3.45,3.75,2.2,2025-04-06 16:30:00,20250406_manunited_mancity,0,1,0,0,0,8,5,22,22
E0,2025-04-07,20:00,Leicester,Newcastle,0,3,A,0,3,7,16,2,5,8,9,12,2,2,0,0,0,6.4,4.44,1.5,6.75,4.7,1.53,2025-04-07 20:00:00,20250407_leicester_newcastle,0,0,1,3,1,14,2,23,17
E0,2025-04-12,12:30,Man City,Crystal Palace,5,2,H,2,2,21,8,9,3,10,16,1,4,2,3,0,0,1.5,4.7,5.95,1.52,4.9,6.21,2025-04-12 12:30:00,20250412_mancity_crystalpalace,1,0,0,7,1,5,5,29,26
E0,2025-04-12,15:00,Brighton,Leicester,2,2,D,1,1,21,15,7,6,9,11,3,6,2,5,0,0,1.27,5.89,10.98,1.29,6.2,12.0,2025-04-12 15:00:00,20250412_brighton_leicester,0,1,0,4,1,9,7,36,20
E0,2025-04-12,15:00,Nott'm Forest,Everton,0,1,A,0,0,10,13,5,5,9,13,1,7,0,3,0,0,2.11,3.33,3.67,2.15,3.48,3.9,2025-04-12 15:00:00,20250412_nott'mforest_everton,0,0,1,1,0,8,3,23,22
E0,2025-04-12,15:00,Southampton,Aston Villa,0,3,A,0,0,7,25,2,10,11,4,2,14,3,1,0,0,5.65,4.42,1.55,6.0,5.6,1.57,2025-04-12 15:00:00,20250412_southampton_astonvilla,0,0,1,3,1,16,4,32,15
E0,2025-04-12,17:30,Arsenal,Brentford,1,1,D,0,0,14,3,3,2,7,9,13,5,1,3,0,0,1.61,4.16,5.35,1.65,4.33,5.5,2025-04-12 17:30:00,20250412_arsenal_brentford,0,1,0,2,0,18,4,17,16
E0,2025-04-13,14:00,Chelsea,Ipswich,2,2,D,0,2,34,13,9,4,11,7,15,4,2,2,0,0,1.25,6.57,9.7,1.28,7.0,12.0,2025-04-13 14:00:00,20250413_chelsea_ipswich,0,1,0,4,1,19,4,47,18
E0,2025-04-13,14:00,Liverpool,West Ham,2,1,H,1,0,15,11,6,4,15,8,10,3,0,2,0,0,1.3,5.89,9.45,1.31,6.2,10.4,2025-04-13 14:00:00,20250413_liverpool_westham,1,0,0,3,1,13,2,26,23
E0,2025-04-13,14:00,Wolves,Tottenham,4,2,H,2,0,13,11,5,4,12,15,1,4,1,2,0,0,2.23,3.55,3.14,2.28,3.65,3.23,2025-04-13 14:00:00,20250413_wolves_tottenham,1,0,0,6,1,5,3,24,27
E0,2025-04-13,16:30,Newcastle,Man United,4,1,H,1,1,13,9,6,5,7,9,7,2,0,2,0,0,1.65,4.21,4.73,1.69,4.35,5.3,2025-04-13 16:30:00,20250413_newcastle_manunited,1,0,0,5,1,9,2,22,16
E0,2025-04-14,20:00,Bournemouth,Fulham,1,0,H,1,0,12,12,3,7,11,10,6,9,3,2,0,0,2.15,3.58,3.3,2.18,3.79,3.4,2025-04-14 20:00:00,20250414_bournemouth_fulham,1,0,0,1,0,15,5,24,21
E0,2025-04-16,19:30,Newcastle,Crystal Palace,5,0,H,4,0,14,11,7,4,9,15,5,4,2,3,0,0,1.71,3.96,4.75,1.75,4.15,5.0,2025-04-16 19:30:00,20250416_newcastle_crystalpalace,1,0,0,5,1,9,5,25,24
E0,2025-04-19,15:00,Brentford,Brighton,4,2,H,1,1,16,12,8,3,7,11,4,8,3,3,0,1,2.5,3.61,2.7,2.56,3.85,2.75,2025-04-19 15:00:00,20250419_brentford_brighton,1,0,0,6,1,12,7,28,18
E0,2025-04-19,15:00,Crystal Palace,Bournemouth,0,0,D,0,0,5,15,0,4,13,10,5,4,3,4,1,0,2.54,3.54,2.69,2.6,3.65,2.78,2025-04-19 15:00:00,20250419_crystalpalace_bournemouth,0,1,0,0,0,9,8,20,23
E0,2025-04-19,15:00,Everton,Man City,0,2,A,0,0,8,12,3,7,7,6,2,5,4,0,0,0,3.8,3.65,1.96,4.0,3.75,2.0,2025-04-19 15:00:00,20250419_everton_mancity,0,0,1,2,0,7,4,20,13
E0,2025-04-19,15:00,West Ham,Southampton,1,1,D,0,0,12,15,4,4,14,13,2,5,2,1,0,0,1.49,4.49,6.44,1.52,4.65,6.72,2025-04-19 15:00:00,20250419_westham_southampton,0,1,0,2,0,7,3,27,27
E0,2025-04-19,17:30,Aston Villa,Newcastle,4,1,H,1,1,23,10,9,3,9,12,7,7,1,3,0,0,2.36,3.63,2.85,2.42,3.75,2.95,2025-04-19 17:30:00,20250419_astonvilla_newcastle,1,0,0,5,1,14,4,33,21
E0,2025-04-20,14:00,Fulham,Chelsea,1,2,A,1,0,6,13,1,8,13,9,6,4,1,3,0,0,2.82,3.52,2.43,2.9,3.7,2.54,2025-04-20 14:00:00,20250420_fulham_chelsea,0,0,1,3,1,10,4,19,22
E0,2025-04-20,14:00,Ipswich,Arsenal,0,4,A,0,2,4,24,0,7,10,7,0,12,0,0,1,0,7.83,4.81,1.4,8.35,5.0,1.42,2025-04-20 14:00:00,20250420_ipswich_arsenal,0,0,1,4,1,12,1,28,17
E0,2025-04-20,14:00,Man United,Wolves,0,1,A,0,0,12,4,2,2,11,18,9,2,2,3,0,0,2.0,3.58,3.72,2.03,3.67,3.85,2025-04-20 14:00:00,20250420_manunited_wolves,0,0,1,1,0,11,5,16,29
E0,2025-04-20,16:30,Leicester,Liverpool,0,1,A,0,0,5,28,0,10,11,7,1,13,1,2,0,0,11.76,6.63,1.23,14.0,7.0,1.26,2025-04-20 16:30:00,20250420_leicester_liverpool,0,0,1,1,0,14,3,33,18
E0,2025-04-21,20:00,Tottenham,Nott'm Forest,1,2,A,0,2,22,4,6,3,11,12,7,1,1,4,0,0,2.47,3.71,2.66,2.55,3.85,2.78,2025-04-21 20:00:00,20250421_tottenham_nott'mforest,0,0,1,3,1,8,5,26,23
E0,2025-04-22,20:00,Man City,Aston Villa,2,1,H,1,1,14,7,6,3,9,10,10,2,3,3,0,0,1.85,4.06,3.93,1.88,4.23,4.1,2025-04-22 20:00:00,20250422_mancity_astonvilla,1,0,0,3,1,12,6,21,19
E0,2025-04-23,20:00,Arsenal,Crystal Palace,2,2,D,2,1,12,15,6,4,4,6,3,6,1,1,0,0,1.41,4.66,8.13,1.45,4.8,9.0,2025-04-23 20:00:00,20250423_arsenal_crystalpalace,0,1,0,4,1,9,2,27,10
E0,2025-04-26,12:30,Chelsea,Everton,1,0,H,1,0,10,6,7,3,11,11,10,2,0,0,0,0,1.58,4.08,5.91,1.62,4.18,6.1,2025-04-26 12:30:00,20250426_chelsea_everton,1,0,0,1,0,12,0,16,22
E0,2025-04-26,15:00,Brighton,West Ham,3,2,H,1,0,16,12,9,4,7,9,8,1,1,1,0,0,1.67,4.14,4.76,1.7,4.28,5.0,2025-04-26 15:00:00,20250426_brighton_westham,1,0,0,5,1,9,2,28,16
E0,2025-04-26,15:00,Newcastle,Ipswich,3,0,H,1,0,25,4,5,0,9,9,11,2,1,2,0,1,1.18,7.72,14.89,1.19,8.2,17.0,2025-04-26 15:00:00,20250426_newcastle_ipswich,1,0,0,3,1,13,4,29,18
E0,2025-04-26,15:00,Southampton,Fulham,1,2,A,1,0,7,26,3,5,10,12,0,13,1,1,0,0,5.17,4.11,1.64,5.44,4.3,1.67,2025-04-26 15:00:00,20250426_southampton_fulham,0,0,1,3,1,13,2,33,22
E0,2025-04-26,15:00,Wolves,Leicester,3,0,H,1,0,20,8,6,2,7,17,4,2,1,4,0,0,1.51,4.38,6.24,1.54,4.55,6.5,2025-04-26 15:00:00,20250426_wolves_leicester,1,0,0,3,1,6,5,28,24
E0,2025-04-27,14:00,Bournemouth,Man United,1,1,D,1,0,8,25,1,6,11,12,5,10,4,2,1,0,1.67,4.13,4.77,1.71,4.25,4.95,2025-04-27 14:00:00,20250427_bournemouth_manunited,0,1,0,2,0,15,7,33,23
E0,2025-04-27,16:30,Liverpool,Tottenham,5,1,H,3,1,25,8,8,3,16,9,8,2,2,1,0,0,1.25,6.57,9.98,1.27,6.89,11.0,2025-04-27 16:30:00,20250427_liverpool_tottenham,1,0,0,6,1,10,3,33,25
E0,2025-05-01,19:30,Nott'm Forest,Brentford,0,2,A,0,1,14,11,5,3,10,12,4,5,3,5,0,0,2.17,3.55,3.27,2.22,3.72,3.34,2025-05-01 19:30:00,20250501_nott'mforest_brentford,0,0,1,2,0,9,8,25,22
E0,2025-05-02,20:00,Man City,Wolves,1,0,H,1,0,9,6,2,1,7,11,4,5,0,0,0,0,1.4,5.14,7.49,1.43,5.3,8.0,2025-05-02 20:00:00,20250502_mancity_wolves,1,0,0,1,0,9,0,15,18
E0,2025-05-03,12:30,Aston Villa,Fulham,1,0,H,1,0,10,11,3,3,6,17,5,3,0,5,0,0,1.79,3.88,4.32,1.85,4.0,4.6,2025-05-03 12:30:00,20250503_astonvilla_fulham,1,0,0,1,0,8,5,21,23
E0,2025-05-03,15:00,Leicester,Southampton,2,0,H,2,0,14,8,4,2,12,13,7,7,1,3,0,0,2.33,3.62,2.93,2.4,3.75,3.1,2025-05-03 15:00:00,20250503_leicester_southampton,1,0,0,2,0,14,4,22,25
E0,2025-05-03,15:00,Everton,Ipswich,2,2,D,2,1,8,12,3,5,12,15,3,3,4,4,0,0,1.47,4.4,7.07,1.49,4.55,7.6,2025-05-03 15:00:00,20250503_everton_ipswich,0,1,0,4,1,6,8,20,27
E0,2025-05-03,17:30,Arsenal,Bournemouth,1,2,A,1,0,13,9,4,2,7,16,2,3,0,2,0,0,2.08,3.6,3.47,2.14,3.7,3.62,2025-05-03 17:30:00,20250503_arsenal_bournemouth,0,0,1,3,1,5,2,22,23
E0,2025-05-04,14:00,Brentford,Man United,4,3,H,2,1,12,14,6,5,8,10,7,4,0,2,0,0,1.67,4.14,4.74,1.71,4.25,4.95,2025-05-04 14:00:00,20250504_brentford_manunited,1,0,0,7,1,11,2,26,18
E0,2025-05-04,14:00,Brighton,Newcastle,1,1,D,1,0,5,13,2,5,15,10,1,4,2,1,0,0,2.86,3.77,2.31,2.93,3.91,2.38,2025-05-04 14:00:00,20250504_brighton_newcastle,0,1,0,2,0,5,3,18,25
E0,2025-05-04,14:00,West Ham,Tottenham,1,1,D,1,1,11,7,2,2,18,15,1,3,2,2,0,0,2.1,3.73,3.31,2.15,3.85,3.5,2025-05-04 14:00:00,20250504_westham_tottenham,0,1,0,2,0,4,4,18,33
E0,2025-05-04,16:30,Chelsea,Liverpool,3,1,H,1,0,17,11,7,2,10,11,3,6,2,2,0,0,2.18,3.71,3.14,2.21,3.8,3.24,2025-05-04 16:30:00,20250504_chelsea_liverpool,1,0,0,4,1,9,4,28,21
E0,2025-05-05,20:00,Crystal Palace,Nott'm Forest,1,1,D,0,0,20,12,3,4,9,15,7,4,3,8,0,0,2.29,3.38,3.15,2.35,3.47,3.24,2025-05-05 20:00:00,20250505_crystalpalace_nott'mforest,0,1,0,2,0,11,11,32,24
E0,2025-05-10,15:00,Wolves,Brighton,0,2,A,0,1,10,7,3,2,8,12,7,4,1,1,0,0,2.73,3.47,2.54,2.8,3.53,2.61,2025-05-10 15:00:00,20250510_wolves_brighton,0,0,1,2,0,11,2,17,20
E0,2025-05-10,15:00,Fulham,Everton,1,3,A,1,1,18,11,6,7,15,9,5,5,1,0,0,0,1.87,3.55,4.32,1.92,3.71,4.5,2025-05-10 15:00:00,20250510_fulham_everton,0,0,1,4,1,10,1,29,24
E0,2025-05-10,15:00,Ipswich,Brentford,0,1,A,0,1,11,15,4,5,6,12,5,6,2,4,0,0,4.94,4.2,1.65,5.1,4.53,1.68,2025-05-10 15:00:00,20250510_ipswich_brentford,0,0,1,1,0,11,6,26,18
E0,2025-05-10,15:00,Southampton,Man City,0,0,D,0,0,2,26,0,5,9,8,1,15,2,0,0,0,13.37,7.58,1.19,15.0,8.0,1.2,2025-05-10 15:00:00,20250510_southampton_mancity,0,1,0,0,0,16,2,28,17
E0,2025-05-10,17:30,Bournemouth,Aston Villa,0,1,A,0,1,10,6,4,3,19,12,10,0,4,3,0,1,2.45,3.68,2.71,2.52,3.8,2.78,2025-05-10 17:30:00,20250510_bournemouth_astonvilla,0,0,1,1,0,10,8,16,31
E0,2025-05-11,12:00,Newcastle,Chelsea,2,0,H,1,0,15,10,6,3,9,13,2,8,4,2,0,1,2.13,3.76,3.18,2.16,4.0,3.28,2025-05-11 12:00:00,20250511_newcastle_chelsea,1,0,0,2,0,10,7,25,22
E0,2025-05-11,14:15,Man United,West Ham,0,2,A,0,1,20,9,5,4,3,13,8,5,0,1,0,0,1.92,3.72,3.83,2.0,3.92,4.0,2025-05-11 14:15:00,20250511_manunited_westham,0,0,1,2,0,13,1,29,16
E0,2025-05-11,14:15,Nott'm Forest,Leicester,2,2,D,1,1,15,10,4,6,11,11,4,4,3,3,0,0,1.33,5.34,8.83,1.36,5.7,9.8,2025-05-11 14:15:00,20250511_nott'mforest_leicester,0,1,0,4,1,8,6,25,22
E0,2025-05-11,14:15,Tottenham,Crystal Palace,0,2,A,0,1,8,23,1,10,12,10,4,8,1,1,0,0,2.65,3.68,2.5,2.71,3.77,2.56,2025-05-11 14:15:00,20250511_tottenham_crystalpalace,0,0,1,2,0,12,2,31,22
E0,2025-05-11,16:30,Liverpool,Arsenal,2,2,D,2,0,14,15,5,7,13,10,3,1,1,1,0,1,2.06,3.54,3.57,2.1,3.65,3.71,2025-05-11 16:30:00,20250511_liverpool_arsenal,0,1,0,4,1,4,3,29,23
E0,2025-05-16,19:30,Aston Villa,Tottenham,2,0,H,0,0,18,3,7,1,5,12,9,1,1,2,0,0,1.32,5.95,8.45,1.36,6.2,9.0,2025-05-16 19:30:00,20250516_astonvilla_tottenham,1,0,0,2,0,10,3,21,17
E0,2025-05-16,20:15,Chelsea,Man United,1,0,H,0,0,11,4,3,1,10,14,7,2,1,6,0,0,1.46,4.9,6.51,1.5,5.1,7.0,2025-05-16 20:15:00,20250516_chelsea_manunited,1,0,0,1,0,9,7,15,24
E0,2025-05-18,12:00,Everton,Southampton,2,0,H,2,0,13,6,5,2,6,10,4,5,1,1,0,0,1.4,4.79,7.93,1.43,5.0,8.6,2025-05-18 12:00:00,20250518_everton_southampton,1,0,0,2,0,9,2,19,16
E0,2025-05-18,14:15,West Ham,Nott'm Forest,1,2,A,0,1,16,10,5,5,14,7,8,7,6,3,0,0,2.8,3.4,2.53,2.88,3.56,2.63,2025-05-18 14:15:00,20250518_westham_nott'mforest,0,0,1,3,1,15,9,26,21
E0,2025-05-18,15:00,Brentford,Fulham,2,3,A,2,1,11,16,6,7,12,8,5,3,4,4,0,0,1.93,3.9,3.64,1.99,4.0,3.7,2025-05-18 15:00:00,20250518_brentford_fulham,0,0,1,5,1,8,8,27,20
E0,2025-05-18,15:00,Leicester,Ipswich,2,0,H,1,0,9,20,3,2,15,12,2,2,1,0,0,0,2.33,3.59,2.94,2.4,3.69,3.0,2025-05-18 15:00:00,20250518_leicester_ipswich,1,0,0,2,0,4,1,29,27
E0,2025-05-18,16:30,Arsenal,Newcastle,1,0,H,0,0,12,14,4,5,9,9,10,7,3,3,0,0,2.01,3.59,3.7,2.08,3.7,3.83,2025-05-18 16:30:00,20250518_arsenal_newcastle,1,0,0,1,0,17,6,26,18
E0,2025-05-19,20:00,Brighton,Liverpool,3,2,H,1,2,25,18,12,5,9,8,3,3,1,0,0,0,2.63,3.82,2.46,2.69,4.04,2.5,2025-05-19 20:00:00,20250519_brighton_liverpool,1,0,0,5,1,6,1,43,17
E0,2025-05-20,20:00,Crystal Palace,Wolves,4,2,H,2,1,14,12,10,3,14,8,0,10,1,2,0,0,2.27,3.32,3.26,2.31,3.4,3.36,2025-05-20 20:00:00,20250520_crystalpalace_wolves,1,0,0,6,1,10,3,26,22
E0,2025-05-20,20:00,Man City,Bournemouth,3,1,H,2,0,12,8,5,2,7,13,3,1,1,3,1,1,1.55,4.51,5.49,1.58,4.8,5.8,2025-05-20 20:00:00,20250520_mancity_bournemouth,1,0,0,4,1,4,6,20,20
E0,2025-05-25,16:00,Bournemouth,Leicester,2,0,H,0,0,20,3,7,0,19,16,6,1,0,2,0,0,1.33,5.61,8.35,1.38,6.0,9.0,2025-05-25 16:00:00,20250525_bournemouth_leicester,1,0,0,2,0,7,2,23,35
E0,2025-05-25,16:00,Fulham,Man City,0,2,A,0,1,13,20,3,5,11,5,1,6,0,0,0,0,5.15,4.28,1.61,5.54,4.59,1.65,2025-05-25 16:00:00,20250525_fulham_mancity,0,0,1,2,0,7,0,33,16
E0,2025-05-25,16:00,Ipswich,West Ham,1,3,A,0,1,14,10,4,6,10,9,4,0,1,1,0,0,2.99,3.85,2.21,3.1,4.01,2.28,2025-05-25 16:00:00,20250525_ipswich_westham,0,0,1,4,1,4,2,24,19
E0,2025-05-25,16:00,Liverpool,Crystal Palace,1,1,D,0,1,14,8,3,5,7,10,11,0,1,0,1,0,1.4,5.65,6.27,1.43,6.1,6.62,2025-05-25 16:00:00,20250525_liverpool_crystalpalace,0,1,0,2,0,11,2,22,17
E0,2025-05-25,16:00,Man United,Aston Villa,2,0,H,0,0,25,6,10,1,10,10,4,3,2,2,0,1,4.37,4.16,1.73,4.5,4.33,1.76,2025-05-25 16:00:00,20250525_manunited_astonvilla,1,0,0,2,0,7,5,31,20
E0,2025-05-25,16:00,Newcastle,Everton,0,1,A,0,0,17,14,6,6,12,9,12,3,1,4,0,0,1.32,5.6,8.77,1.36,5.85,9.5,2025-05-25 16:00:00,20250525_newcastle_everton,0,0,1,1,0,15,5,31,21
E0,2025-05-25,16:00,Nott'm Forest,Chelsea,0,1,A,0,0,10,6,2,2,10,11,7,4,2,2,0,0,3.09,3.72,2.2,3.2,3.85,2.25,2025-05-25 16:00:00,20250525_nott'mforest_chelsea,0,0,1,1,0,11,4,16,21
E0,2025-05-25,16:00,Southampton,Arsenal,1,2,A,0,1,7,23,2,8,7,8,5,8,0,0,0,0,9.45,5.83,1.29,11.0,6.11,1.31,2025-05-25 16:00:00,20250525_southampton_arsenal,0,0,1,3,1,13,0,30,15
E0,2025-05-25,16:00,Tottenham,Brighton,1,4,A,1,0,4,23,2,8,13,8,2,11,3,1,0,0,4.23,4.43,1.71,4.38,4.55,1.73,2025-05-25 16:00:00,20250525_tottenham_brighton,0,0,1,5,1,13,4,27,21
E0,2025-05-25,16:00,Wolves,Brentford,1,1,D,0,1,18,13,6,7,7,9,8,3,2,1,0,0,2.71,3.76,2.43,2.77,3.85,2.48,2025-05-25 16:00:00,20250525_wolves_brentford,0,1,0,2,0,11,3,31,16
